d71bb352-0cdb-4e74-9754-11687a7de91a;2019-01-31T23:00+0100;50648.406
d71bb352-0cdb-4e74-9754-11687a7de91a;2019-01-31T22:00+0100;50646.99
d71bb352-0cdb-4e74-9754-11687a7de91a;2019-01-31T21:00+0100;50645.33
d71bb352-0cdb-4e74-9754-11687a7de91a;2019-01-31T20:00+0100;50643.23
d71bb352-0cdb-4e74-9754-11687a7de91a;2019-01-31T19:00+0100;50639.867
d71bb352-0cdb-4e74-9754-11687a7de91a;2019-01-31T18:00+0100;50634.125
d71bb352-0cdb-4e74-9754-11687a7de91a;2019-01-31T17:00+0100;50624.04
d71bb352-0cdb-4e74-9754-11687a7de91a;2019-01-31T16:00+0100;50610.1
d71bb352-0cdb-4e74-9754-11687a7de91a;2019-01-31T15:00+0100;50595.406
d71bb352-0cdb-4e74-9754-11687a7de91a;2019-01-31T14:00+0100;50582.016
d71bb352-0cdb-4e74-9754-11687a7de91a;2019-01-31T13:00+0100;50565.62
d71bb352-0cdb-4e74-9754-11687a7de91a;2019-01-31T12:00+0100;50545.83
d71bb352-0cdb-4e74-9754-11687a7de91a;2019-01-31T11:00+0100;50524.844
d71bb352-0cdb-4e74-9754-11687a7de91a;2019-01-31T10:00+0100;50503.56
d71bb352-0cdb-4e74-9754-11687a7de91a;2019-01-31T09:00+0100;50482.96
d71bb352-0cdb-4e74-9754-11687a7de91a;2019-01-31T08:00+0100;50469.39
d71bb352-0cdb-4e74-9754-11687a7de91a;2019-01-31T07:00+0100;50466.11
d71bb352-0cdb-4e74-9754-11687a7de91a;2019-01-31T06:00+0100;50464.81
d71bb352-0cdb-4e74-9754-11687a7de91a;2019-01-31T05:00+0100;50463.668
d71bb352-0cdb-4e74-9754-11687a7de91a;2019-01-31T04:00+0100;50462.58
d71bb352-0cdb-4e74-9754-11687a7de91a;2019-01-31T03:00+0100;50461.426
d71bb352-0cdb-4e74-9754-11687a7de91a;2019-01-31T02:00+0100;50460.254
d71bb352-0cdb-4e74-9754-11687a7de91a;2019-01-31T01:00+0100;50459.094
d71bb352-0cdb-4e74-9754-11687a7de91a;2019-01-31T00:00+0100;50457.918
d71bb352-0cdb-4e74-9754-11687a7de91a;2019-01-30T23:00+0100;50456.664
d71bb352-0cdb-4e74-9754-11687a7de91a;2019-01-30T22:00+0100;50455.24
d71bb352-0cdb-4e74-9754-11687a7de91a;2019-01-30T21:00+0100;50453.58
d71bb352-0cdb-4e74-9754-11687a7de91a;2019-01-30T20:00+0100;50451.48
d71bb352-0cdb-4e74-9754-11687a7de91a;2019-01-30T19:00+0100;50448.117
d71bb352-0cdb-4e74-9754-11687a7de91a;2019-01-30T18:00+0100;50442.375
d71bb352-0cdb-4e74-9754-11687a7de91a;2019-01-30T17:00+0100;50432.29
d71bb352-0cdb-4e74-9754-11687a7de91a;2019-01-30T16:00+0100;50418.355
d71bb352-0cdb-4e74-9754-11687a7de91a;2019-01-30T15:00+0100;50403.664
d71bb352-0cdb-4e74-9754-11687a7de91a;2019-01-30T14:00+0100;50390.266
d71bb352-0cdb-4e74-9754-11687a7de91a;2019-01-30T13:00+0100;50373.87
d71bb352-0cdb-4e74-9754-11687a7de91a;2019-01-30T12:00+0100;50354.082
d71bb352-0cdb-4e74-9754-11687a7de91a;2019-01-30T11:00+0100;50333.094
d71bb352-0cdb-4e74-9754-11687a7de91a;2019-01-30T10:00+0100;50311.81
d71bb352-0cdb-4e74-9754-11687a7de91a;2019-01-30T09:00+0100;50291.215
d71bb352-0cdb-4e74-9754-11687a7de91a;2019-01-30T08:00+0100;50277.64
d71bb352-0cdb-4e74-9754-11687a7de91a;2019-01-30T07:00+0100;50274.363
d71bb352-0cdb-4e74-9754-11687a7de91a;2019-01-30T06:00+0100;50273.06
d71bb352-0cdb-4e74-9754-11687a7de91a;2019-01-30T05:00+0100;50271.918
d71bb352-0cdb-4e74-9754-11687a7de91a;2019-01-30T04:00+0100;50270.83
d71bb352-0cdb-4e74-9754-11687a7de91a;2019-01-30T03:00+0100;50269.676
d71bb352-0cdb-4e74-9754-11687a7de91a;2019-01-30T02:00+0100;50268.508
d71bb352-0cdb-4e74-9754-11687a7de91a;2019-01-30T01:00+0100;50267.344
d71bb352-0cdb-4e74-9754-11687a7de91a;2019-01-30T00:00+0100;50266.168
d71bb352-0cdb-4e74-9754-11687a7de91a;2019-01-29T23:00+0100;50264.914
d71bb352-0cdb-4e74-9754-11687a7de91a;2019-01-29T22:00+0100;50263.49
d71bb352-0cdb-4e74-9754-11687a7de91a;2019-01-29T21:00+0100;50261.832
d71bb352-0cdb-4e74-9754-11687a7de91a;2019-01-29T20:00+0100;50259.73
d71bb352-0cdb-4e74-9754-11687a7de91a;2019-01-29T19:00+0100;50256.37
d71bb352-0cdb-4e74-9754-11687a7de91a;2019-01-29T18:00+0100;50250.625
d71bb352-0cdb-4e74-9754-11687a7de91a;2019-01-29T17:00+0100;50240.543
d71bb352-0cdb-4e74-9754-11687a7de91a;2019-01-29T16:00+0100;50226.605
d71bb352-0cdb-4e74-9754-11687a7de91a;2019-01-29T15:00+0100;50211.914
d71bb352-0cdb-4e74-9754-11687a7de91a;2019-01-29T14:00+0100;50198.516
d71bb352-0cdb-4e74-9754-11687a7de91a;2019-01-29T13:00+0100;50182.12
d71bb352-0cdb-4e74-9754-11687a7de91a;2019-01-29T12:00+0100;50162.332
d71bb352-0cdb-4e74-9754-11687a7de91a;2019-01-29T11:00+0100;50141.344
d71bb352-0cdb-4e74-9754-11687a7de91a;2019-01-29T10:00+0100;50120.06
d71bb352-0cdb-4e74-9754-11687a7de91a;2019-01-29T09:00+0100;50099.465
d71bb352-0cdb-4e74-9754-11687a7de91a;2019-01-29T08:00+0100;50085.9
d71bb352-0cdb-4e74-9754-11687a7de91a;2019-01-29T07:00+0100;50082.613
d71bb352-0cdb-4e74-9754-11687a7de91a;2019-01-29T06:00+0100;50081.31
d71bb352-0cdb-4e74-9754-11687a7de91a;2019-01-29T05:00+0100;50080.168
d71bb352-0cdb-4e74-9754-11687a7de91a;2019-01-29T04:00+0100;50079.086
d71bb352-0cdb-4e74-9754-11687a7de91a;2019-01-29T03:00+0100;50077.926
d71bb352-0cdb-4e74-9754-11687a7de91a;2019-01-29T02:00+0100;50076.758
d71bb352-0cdb-4e74-9754-11687a7de91a;2019-01-29T01:00+0100;50075.594
d71bb352-0cdb-4e74-9754-11687a7de91a;2019-01-29T00:00+0100;50074.42
d71bb352-0cdb-4e74-9754-11687a7de91a;2019-01-28T23:00+0100;50073.164
d71bb352-0cdb-4e74-9754-11687a7de91a;2019-01-28T22:00+0100;50071.74
d71bb352-0cdb-4e74-9754-11687a7de91a;2019-01-28T21:00+0100;50070.082
d71bb352-0cdb-4e74-9754-11687a7de91a;2019-01-28T20:00+0100;50067.98
d71bb352-0cdb-4e74-9754-11687a7de91a;2019-01-28T19:00+0100;50064.62
d71bb352-0cdb-4e74-9754-11687a7de91a;2019-01-28T18:00+0100;50058.88
d71bb352-0cdb-4e74-9754-11687a7de91a;2019-01-28T17:00+0100;50048.797
d71bb352-0cdb-4e74-9754-11687a7de91a;2019-01-28T16:00+0100;50034.86
d71bb352-0cdb-4e74-9754-11687a7de91a;2019-01-28T15:00+0100;50020.164
d71bb352-0cdb-4e74-9754-11687a7de91a;2019-01-28T14:00+0100;50006.766
d71bb352-0cdb-4e74-9754-11687a7de91a;2019-01-28T13:00+0100;49990.37
d71bb352-0cdb-4e74-9754-11687a7de91a;2019-01-28T12:00+0100;49970.586
d71bb352-0cdb-4e74-9754-11687a7de91a;2019-01-28T11:00+0100;49949.594
d71bb352-0cdb-4e74-9754-11687a7de91a;2019-01-28T10:00+0100;49928.31
d71bb352-0cdb-4e74-9754-11687a7de91a;2019-01-28T09:00+0100;49907.715
d71bb352-0cdb-4e74-9754-11687a7de91a;2019-01-28T08:00+0100;49894.15
d71bb352-0cdb-4e74-9754-11687a7de91a;2019-01-28T07:00+0100;49890.863
d71bb352-0cdb-4e74-9754-11687a7de91a;2019-01-28T06:00+0100;49889.56
d71bb352-0cdb-4e74-9754-11687a7de91a;2019-01-28T05:00+0100;49888.418
d71bb352-0cdb-4e74-9754-11687a7de91a;2019-01-28T04:00+0100;49887.336
d71bb352-0cdb-4e74-9754-11687a7de91a;2019-01-28T03:00+0100;49886.18
d71bb352-0cdb-4e74-9754-11687a7de91a;2019-01-28T02:00+0100;49885.008
d71bb352-0cdb-4e74-9754-11687a7de91a;2019-01-28T01:00+0100;49883.844
d71bb352-0cdb-4e74-9754-11687a7de91a;2019-01-28T00:00+0100;49882.664
d71bb352-0cdb-4e74-9754-11687a7de91a;2019-01-27T23:00+0100;49881.426
d71bb352-0cdb-4e74-9754-11687a7de91a;2019-01-27T22:00+0100;49880.156
d71bb352-0cdb-4e74-9754-11687a7de91a;2019-01-27T21:00+0100;49878.766
d71bb352-0cdb-4e74-9754-11687a7de91a;2019-01-27T20:00+0100;49877.32
d71bb352-0cdb-4e74-9754-11687a7de91a;2019-01-27T19:00+0100;49875.78
d71bb352-0cdb-4e74-9754-11687a7de91a;2019-01-27T18:00+0100;49874.34
d71bb352-0cdb-4e74-9754-11687a7de91a;2019-01-27T17:00+0100;49872.93
d71bb352-0cdb-4e74-9754-11687a7de91a;2019-01-27T16:00+0100;49871.516
d71bb352-0cdb-4e74-9754-11687a7de91a;2019-01-27T15:00+0100;49870.188
d71bb352-0cdb-4e74-9754-11687a7de91a;2019-01-27T14:00+0100;49868.92
d71bb352-0cdb-4e74-9754-11687a7de91a;2019-01-27T13:00+0100;49867.59
d71bb352-0cdb-4e74-9754-11687a7de91a;2019-01-27T12:00+0100;49866.188
d71bb352-0cdb-4e74-9754-11687a7de91a;2019-01-27T11:00+0100;49864.848
d71bb352-0cdb-4e74-9754-11687a7de91a;2019-01-27T10:00+0100;49863.516
d71bb352-0cdb-4e74-9754-11687a7de91a;2019-01-27T09:00+0100;49862.188
d71bb352-0cdb-4e74-9754-11687a7de91a;2019-01-27T08:00+0100;49860.938
d71bb352-0cdb-4e74-9754-11687a7de91a;2019-01-27T07:00+0100;49859.684
d71bb352-0cdb-4e74-9754-11687a7de91a;2019-01-27T06:00+0100;49858.45
d71bb352-0cdb-4e74-9754-11687a7de91a;2019-01-27T05:00+0100;49857.348
d71bb352-0cdb-4e74-9754-11687a7de91a;2019-01-27T04:00+0100;49856.27
d71bb352-0cdb-4e74-9754-11687a7de91a;2019-01-27T03:00+0100;49855.176
d71bb352-0cdb-4e74-9754-11687a7de91a;2019-01-27T02:00+0100;49854.03
d71bb352-0cdb-4e74-9754-11687a7de91a;2019-01-27T01:00+0100;49852.93
d71bb352-0cdb-4e74-9754-11687a7de91a;2019-01-27T00:00+0100;49851.766
d71bb352-0cdb-4e74-9754-11687a7de91a;2019-01-26T23:00+0100;49850.535
d71bb352-0cdb-4e74-9754-11687a7de91a;2019-01-26T22:00+0100;49849.34
d71bb352-0cdb-4e74-9754-11687a7de91a;2019-01-26T21:00+0100;49848.01
d71bb352-0cdb-4e74-9754-11687a7de91a;2019-01-26T20:00+0100;49846.527
d71bb352-0cdb-4e74-9754-11687a7de91a;2019-01-26T19:00+0100;49845.023
d71bb352-0cdb-4e74-9754-11687a7de91a;2019-01-26T18:00+0100;49843.54
d71bb352-0cdb-4e74-9754-11687a7de91a;2019-01-26T17:00+0100;49842.1
d71bb352-0cdb-4e74-9754-11687a7de91a;2019-01-26T16:00+0100;49840.61
d71bb352-0cdb-4e74-9754-11687a7de91a;2019-01-26T15:00+0100;49839.11
d71bb352-0cdb-4e74-9754-11687a7de91a;2019-01-26T14:00+0100;49837.484
d71bb352-0cdb-4e74-9754-11687a7de91a;2019-01-26T13:00+0100;49835.43
d71bb352-0cdb-4e74-9754-11687a7de91a;2019-01-26T12:00+0100;49833.086
d71bb352-0cdb-4e74-9754-11687a7de91a;2019-01-26T11:00+0100;49830.547
d71bb352-0cdb-4e74-9754-11687a7de91a;2019-01-26T10:00+0100;49828.15
d71bb352-0cdb-4e74-9754-11687a7de91a;2019-01-26T09:00+0100;49826.17
d71bb352-0cdb-4e74-9754-11687a7de91a;2019-01-26T08:00+0100;49824.715
d71bb352-0cdb-4e74-9754-11687a7de91a;2019-01-26T07:00+0100;49823.45
d71bb352-0cdb-4e74-9754-11687a7de91a;2019-01-26T06:00+0100;49822.22
d71bb352-0cdb-4e74-9754-11687a7de91a;2019-01-26T05:00+0100;49821.117
d71bb352-0cdb-4e74-9754-11687a7de91a;2019-01-26T04:00+0100;49820.04
d71bb352-0cdb-4e74-9754-11687a7de91a;2019-01-26T03:00+0100;49818.945
d71bb352-0cdb-4e74-9754-11687a7de91a;2019-01-26T02:00+0100;49817.797
d71bb352-0cdb-4e74-9754-11687a7de91a;2019-01-26T01:00+0100;49816.7
d71bb352-0cdb-4e74-9754-11687a7de91a;2019-01-26T00:00+0100;49815.54
d71bb352-0cdb-4e74-9754-11687a7de91a;2019-01-25T23:00+0100;49814.28
d71bb352-0cdb-4e74-9754-11687a7de91a;2019-01-25T22:00+0100;49812.86
d71bb352-0cdb-4e74-9754-11687a7de91a;2019-01-25T21:00+0100;49811.195
d71bb352-0cdb-4e74-9754-11687a7de91a;2019-01-25T20:00+0100;49809.1
d71bb352-0cdb-4e74-9754-11687a7de91a;2019-01-25T19:00+0100;49805.742
d71bb352-0cdb-4e74-9754-11687a7de91a;2019-01-25T18:00+0100;49800.0
d71bb352-0cdb-4e74-9754-11687a7de91a;2019-01-25T17:00+0100;49789.914
d71bb352-0cdb-4e74-9754-11687a7de91a;2019-01-25T16:00+0100;49775.973
d71bb352-0cdb-4e74-9754-11687a7de91a;2019-01-25T15:00+0100;49761.28
d71bb352-0cdb-4e74-9754-11687a7de91a;2019-01-25T14:00+0100;49747.887
d71bb352-0cdb-4e74-9754-11687a7de91a;2019-01-25T13:00+0100;49731.492
d71bb352-0cdb-4e74-9754-11687a7de91a;2019-01-25T12:00+0100;49711.703
d71bb352-0cdb-4e74-9754-11687a7de91a;2019-01-25T11:00+0100;49690.72
d71bb352-0cdb-4e74-9754-11687a7de91a;2019-01-25T10:00+0100;49669.43
d71bb352-0cdb-4e74-9754-11687a7de91a;2019-01-25T09:00+0100;49648.832
d71bb352-0cdb-4e74-9754-11687a7de91a;2019-01-25T08:00+0100;49635.26
d71bb352-0cdb-4e74-9754-11687a7de91a;2019-01-25T07:00+0100;49631.977
d71bb352-0cdb-4e74-9754-11687a7de91a;2019-01-25T06:00+0100;49630.68
d71bb352-0cdb-4e74-9754-11687a7de91a;2019-01-25T05:00+0100;49629.543
d71bb352-0cdb-4e74-9754-11687a7de91a;2019-01-25T04:00+0100;49628.453
d71bb352-0cdb-4e74-9754-11687a7de91a;2019-01-25T03:00+0100;49627.293
d71bb352-0cdb-4e74-9754-11687a7de91a;2019-01-25T02:00+0100;49626.125
d71bb352-0cdb-4e74-9754-11687a7de91a;2019-01-25T01:00+0100;49624.96
d71bb352-0cdb-4e74-9754-11687a7de91a;2019-01-25T00:00+0100;49623.79
d71bb352-0cdb-4e74-9754-11687a7de91a;2019-01-24T23:00+0100;49622.53
d71bb352-0cdb-4e74-9754-11687a7de91a;2019-01-24T22:00+0100;49621.11
d71bb352-0cdb-4e74-9754-11687a7de91a;2019-01-24T21:00+0100;49619.453
d71bb352-0cdb-4e74-9754-11687a7de91a;2019-01-24T20:00+0100;49617.35
d71bb352-0cdb-4e74-9754-11687a7de91a;2019-01-24T19:00+0100;49613.992
d71bb352-0cdb-4e74-9754-11687a7de91a;2019-01-24T18:00+0100;49608.25
d71bb352-0cdb-4e74-9754-11687a7de91a;2019-01-24T17:00+0100;49598.164
d71bb352-0cdb-4e74-9754-11687a7de91a;2019-01-24T16:00+0100;49584.227
d71bb352-0cdb-4e74-9754-11687a7de91a;2019-01-24T15:00+0100;49569.53
d71bb352-0cdb-4e74-9754-11687a7de91a;2019-01-24T14:00+0100;49556.137
d71bb352-0cdb-4e74-9754-11687a7de91a;2019-01-24T13:00+0100;49539.746
d71bb352-0cdb-4e74-9754-11687a7de91a;2019-01-24T12:00+0100;49519.953
d71bb352-0cdb-4e74-9754-11687a7de91a;2019-01-24T11:00+0100;49498.97
d71bb352-0cdb-4e74-9754-11687a7de91a;2019-01-24T10:00+0100;49477.684
d71bb352-0cdb-4e74-9754-11687a7de91a;2019-01-24T09:00+0100;49457.082
d71bb352-0cdb-4e74-9754-11687a7de91a;2019-01-24T08:00+0100;49443.516
d71bb352-0cdb-4e74-9754-11687a7de91a;2019-01-24T07:00+0100;49440.234
d71bb352-0cdb-4e74-9754-11687a7de91a;2019-01-24T06:00+0100;49438.934
d71bb352-0cdb-4e74-9754-11687a7de91a;2019-01-24T05:00+0100;49437.793
d71bb352-0cdb-4e74-9754-11687a7de91a;2019-01-24T04:00+0100;49436.703
d71bb352-0cdb-4e74-9754-11687a7de91a;2019-01-24T03:00+0100;49435.55
d71bb352-0cdb-4e74-9754-11687a7de91a;2019-01-24T02:00+0100;49434.38
d71bb352-0cdb-4e74-9754-11687a7de91a;2019-01-24T01:00+0100;49433.22
d71bb352-0cdb-4e74-9754-11687a7de91a;2019-01-24T00:00+0100;49432.043
d71bb352-0cdb-4e74-9754-11687a7de91a;2019-01-23T23:00+0100;49430.79
d71bb352-0cdb-4e74-9754-11687a7de91a;2019-01-23T22:00+0100;49429.363
d71bb352-0cdb-4e74-9754-11687a7de91a;2019-01-23T21:00+0100;49427.703
d71bb352-0cdb-4e74-9754-11687a7de91a;2019-01-23T20:00+0100;49425.605
d71bb352-0cdb-4e74-9754-11687a7de91a;2019-01-23T19:00+0100;49422.242
d71bb352-0cdb-4e74-9754-11687a7de91a;2019-01-23T18:00+0100;49416.5
d71bb352-0cdb-4e74-9754-11687a7de91a;2019-01-23T17:00+0100;49406.414
d71bb352-0cdb-4e74-9754-11687a7de91a;2019-01-23T16:00+0100;49392.48
d71bb352-0cdb-4e74-9754-11687a7de91a;2019-01-23T15:00+0100;49377.79
d71bb352-0cdb-4e74-9754-11687a7de91a;2019-01-23T14:00+0100;49364.39
d71bb352-0cdb-4e74-9754-11687a7de91a;2019-01-23T13:00+0100;49347.996
d71bb352-0cdb-4e74-9754-11687a7de91a;2019-01-23T12:00+0100;49328.207
d71bb352-0cdb-4e74-9754-11687a7de91a;2019-01-23T11:00+0100;49307.22
d71bb352-0cdb-4e74-9754-11687a7de91a;2019-01-23T10:00+0100;49285.934
d71bb352-0cdb-4e74-9754-11687a7de91a;2019-01-23T09:00+0100;49265.34
d71bb352-0cdb-4e74-9754-11687a7de91a;2019-01-23T08:00+0100;49251.766
d71bb352-0cdb-4e74-9754-11687a7de91a;2019-01-23T07:00+0100;49248.49
d71bb352-0cdb-4e74-9754-11687a7de91a;2019-01-23T06:00+0100;49247.184
d71bb352-0cdb-4e74-9754-11687a7de91a;2019-01-23T05:00+0100;49246.043
d71bb352-0cdb-4e74-9754-11687a7de91a;2019-01-23T04:00+0100;49244.953
d71bb352-0cdb-4e74-9754-11687a7de91a;2019-01-23T03:00+0100;49243.8
d71bb352-0cdb-4e74-9754-11687a7de91a;2019-01-23T02:00+0100;49242.63
d71bb352-0cdb-4e74-9754-11687a7de91a;2019-01-23T01:00+0100;49241.47
d71bb352-0cdb-4e74-9754-11687a7de91a;2019-01-23T00:00+0100;49240.293
d71bb352-0cdb-4e74-9754-11687a7de91a;2019-01-22T23:00+0100;49239.04
d71bb352-0cdb-4e74-9754-11687a7de91a;2019-01-22T22:00+0100;49237.613
d71bb352-0cdb-4e74-9754-11687a7de91a;2019-01-22T21:00+0100;49235.957
d71bb352-0cdb-4e74-9754-11687a7de91a;2019-01-22T20:00+0100;49233.855
d71bb352-0cdb-4e74-9754-11687a7de91a;2019-01-22T19:00+0100;49230.496
d71bb352-0cdb-4e74-9754-11687a7de91a;2019-01-22T18:00+0100;49224.75
d71bb352-0cdb-4e74-9754-11687a7de91a;2019-01-22T17:00+0100;49214.668
d71bb352-0cdb-4e74-9754-11687a7de91a;2019-01-22T16:00+0100;49200.73
d71bb352-0cdb-4e74-9754-11687a7de91a;2019-01-22T15:00+0100;49186.04
d71bb352-0cdb-4e74-9754-11687a7de91a;2019-01-22T14:00+0100;49172.64
d71bb352-0cdb-4e74-9754-11687a7de91a;2019-01-22T13:00+0100;49156.246
d71bb352-0cdb-4e74-9754-11687a7de91a;2019-01-22T12:00+0100;49136.457
d71bb352-0cdb-4e74-9754-11687a7de91a;2019-01-22T11:00+0100;49115.47
d71bb352-0cdb-4e74-9754-11687a7de91a;2019-01-22T10:00+0100;49094.184
d71bb352-0cdb-4e74-9754-11687a7de91a;2019-01-22T09:00+0100;49073.59
d71bb352-0cdb-4e74-9754-11687a7de91a;2019-01-22T08:00+0100;49060.023
d71bb352-0cdb-4e74-9754-11687a7de91a;2019-01-22T07:00+0100;49056.74
d71bb352-0cdb-4e74-9754-11687a7de91a;2019-01-22T06:00+0100;49055.434
d71bb352-0cdb-4e74-9754-11687a7de91a;2019-01-22T05:00+0100;49054.293
d71bb352-0cdb-4e74-9754-11687a7de91a;2019-01-22T04:00+0100;49053.207
d71bb352-0cdb-4e74-9754-11687a7de91a;2019-01-22T03:00+0100;49052.05
d71bb352-0cdb-4e74-9754-11687a7de91a;2019-01-22T02:00+0100;49050.883
d71bb352-0cdb-4e74-9754-11687a7de91a;2019-01-22T01:00+0100;49049.72
d71bb352-0cdb-4e74-9754-11687a7de91a;2019-01-22T00:00+0100;49048.547
d71bb352-0cdb-4e74-9754-11687a7de91a;2019-01-21T23:00+0100;49047.29
d71bb352-0cdb-4e74-9754-11687a7de91a;2019-01-21T22:00+0100;49045.863
d71bb352-0cdb-4e74-9754-11687a7de91a;2019-01-21T21:00+0100;49044.207
d71bb352-0cdb-4e74-9754-11687a7de91a;2019-01-21T20:00+0100;49042.105
d71bb352-0cdb-4e74-9754-11687a7de91a;2019-01-21T19:00+0100;49038.746
d71bb352-0cdb-4e74-9754-11687a7de91a;2019-01-21T18:00+0100;49033.004
d71bb352-0cdb-4e74-9754-11687a7de91a;2019-01-21T17:00+0100;49022.918
d71bb352-0cdb-4e74-9754-11687a7de91a;2019-01-21T16:00+0100;49008.984
d71bb352-0cdb-4e74-9754-11687a7de91a;2019-01-21T15:00+0100;48994.29
d71bb352-0cdb-4e74-9754-11687a7de91a;2019-01-21T14:00+0100;48980.89
d71bb352-0cdb-4e74-9754-11687a7de91a;2019-01-21T13:00+0100;48964.496
d71bb352-0cdb-4e74-9754-11687a7de91a;2019-01-21T12:00+0100;48944.707
d71bb352-0cdb-4e74-9754-11687a7de91a;2019-01-21T11:00+0100;48923.72
d71bb352-0cdb-4e74-9754-11687a7de91a;2019-01-21T10:00+0100;48902.434
d71bb352-0cdb-4e74-9754-11687a7de91a;2019-01-21T09:00+0100;48881.84
d71bb352-0cdb-4e74-9754-11687a7de91a;2019-01-21T08:00+0100;48868.273
d71bb352-0cdb-4e74-9754-11687a7de91a;2019-01-21T07:00+0100;48864.99
d71bb352-0cdb-4e74-9754-11687a7de91a;2019-01-21T06:00+0100;48863.684
d71bb352-0cdb-4e74-9754-11687a7de91a;2019-01-21T05:00+0100;48862.543
d71bb352-0cdb-4e74-9754-11687a7de91a;2019-01-21T04:00+0100;48861.46
d71bb352-0cdb-4e74-9754-11687a7de91a;2019-01-21T03:00+0100;48860.3
d71bb352-0cdb-4e74-9754-11687a7de91a;2019-01-21T02:00+0100;48859.133
d71bb352-0cdb-4e74-9754-11687a7de91a;2019-01-21T01:00+0100;48857.97
d71bb352-0cdb-4e74-9754-11687a7de91a;2019-01-21T00:00+0100;48856.79
d71bb352-0cdb-4e74-9754-11687a7de91a;2019-01-20T23:00+0100;48855.55
d71bb352-0cdb-4e74-9754-11687a7de91a;2019-01-20T22:00+0100;48854.28
d71bb352-0cdb-4e74-9754-11687a7de91a;2019-01-20T21:00+0100;48852.887
d71bb352-0cdb-4e74-9754-11687a7de91a;2019-01-20T20:00+0100;48851.445
d71bb352-0cdb-4e74-9754-11687a7de91a;2019-01-20T19:00+0100;48849.9
d71bb352-0cdb-4e74-9754-11687a7de91a;2019-01-20T18:00+0100;48848.465
d71bb352-0cdb-4e74-9754-11687a7de91a;2019-01-20T17:00+0100;48847.055
d71bb352-0cdb-4e74-9754-11687a7de91a;2019-01-20T16:00+0100;48845.64
d71bb352-0cdb-4e74-9754-11687a7de91a;2019-01-20T15:00+0100;48844.312
d71bb352-0cdb-4e74-9754-11687a7de91a;2019-01-20T14:00+0100;48843.047
d71bb352-0cdb-4e74-9754-11687a7de91a;2019-01-20T13:00+0100;48841.715
d71bb352-0cdb-4e74-9754-11687a7de91a;2019-01-20T12:00+0100;48840.312
d71bb352-0cdb-4e74-9754-11687a7de91a;2019-01-20T11:00+0100;48838.973
d71bb352-0cdb-4e74-9754-11687a7de91a;2019-01-20T10:00+0100;48837.64
d71bb352-0cdb-4e74-9754-11687a7de91a;2019-01-20T09:00+0100;48836.312
d71bb352-0cdb-4e74-9754-11687a7de91a;2019-01-20T08:00+0100;48835.062
d71bb352-0cdb-4e74-9754-11687a7de91a;2019-01-20T07:00+0100;48833.81
d71bb352-0cdb-4e74-9754-11687a7de91a;2019-01-20T06:00+0100;48832.574
d71bb352-0cdb-4e74-9754-11687a7de91a;2019-01-20T05:00+0100;48831.473
d71bb352-0cdb-4e74-9754-11687a7de91a;2019-01-20T04:00+0100;48830.395
d71bb352-0cdb-4e74-9754-11687a7de91a;2019-01-20T03:00+0100;48829.3
d71bb352-0cdb-4e74-9754-11687a7de91a;2019-01-20T02:00+0100;48828.156
d71bb352-0cdb-4e74-9754-11687a7de91a;2019-01-20T01:00+0100;48827.055
d71bb352-0cdb-4e74-9754-11687a7de91a;2019-01-20T00:00+0100;48825.89
d71bb352-0cdb-4e74-9754-11687a7de91a;2019-01-19T23:00+0100;48824.66
d71bb352-0cdb-4e74-9754-11687a7de91a;2019-01-19T22:00+0100;48823.465
d71bb352-0cdb-4e74-9754-11687a7de91a;2019-01-19T21:00+0100;48822.133
d71bb352-0cdb-4e74-9754-11687a7de91a;2019-01-19T20:00+0100;48820.652
d71bb352-0cdb-4e74-9754-11687a7de91a;2019-01-19T19:00+0100;48819.15
d71bb352-0cdb-4e74-9754-11687a7de91a;2019-01-19T18:00+0100;48817.66
d71bb352-0cdb-4e74-9754-11687a7de91a;2019-01-19T17:00+0100;48816.227
d71bb352-0cdb-4e74-9754-11687a7de91a;2019-01-19T16:00+0100;48814.734
d71bb352-0cdb-4e74-9754-11687a7de91a;2019-01-19T15:00+0100;48813.234
d71bb352-0cdb-4e74-9754-11687a7de91a;2019-01-19T14:00+0100;48811.61
d71bb352-0cdb-4e74-9754-11687a7de91a;2019-01-19T13:00+0100;48809.555
d71bb352-0cdb-4e74-9754-11687a7de91a;2019-01-19T12:00+0100;48807.21
d71bb352-0cdb-4e74-9754-11687a7de91a;2019-01-19T11:00+0100;48804.67
d71bb352-0cdb-4e74-9754-11687a7de91a;2019-01-19T10:00+0100;48802.273
d71bb352-0cdb-4e74-9754-11687a7de91a;2019-01-19T09:00+0100;48800.297
d71bb352-0cdb-4e74-9754-11687a7de91a;2019-01-19T08:00+0100;48798.84
d71bb352-0cdb-4e74-9754-11687a7de91a;2019-01-19T07:00+0100;48797.574
d71bb352-0cdb-4e74-9754-11687a7de91a;2019-01-19T06:00+0100;48796.344
d71bb352-0cdb-4e74-9754-11687a7de91a;2019-01-19T05:00+0100;48795.242
d71bb352-0cdb-4e74-9754-11687a7de91a;2019-01-19T04:00+0100;48794.164
d71bb352-0cdb-4e74-9754-11687a7de91a;2019-01-19T03:00+0100;48793.07
d71bb352-0cdb-4e74-9754-11687a7de91a;2019-01-19T02:00+0100;48791.92
d71bb352-0cdb-4e74-9754-11687a7de91a;2019-01-19T01:00+0100;48790.82
d71bb352-0cdb-4e74-9754-11687a7de91a;2019-01-19T00:00+0100;48789.664
d71bb352-0cdb-4e74-9754-11687a7de91a;2019-01-18T23:00+0100;48788.406
d71bb352-0cdb-4e74-9754-11687a7de91a;2019-01-18T22:00+0100;48786.984
d71bb352-0cdb-4e74-9754-11687a7de91a;2019-01-18T21:00+0100;48785.32
d71bb352-0cdb-4e74-9754-11687a7de91a;2019-01-18T20:00+0100;48783.227
d71bb352-0cdb-4e74-9754-11687a7de91a;2019-01-18T19:00+0100;48779.867
d71bb352-0cdb-4e74-9754-11687a7de91a;2019-01-18T18:00+0100;48774.117
d71bb352-0cdb-4e74-9754-11687a7de91a;2019-01-18T17:00+0100;48764.04
d71bb352-0cdb-4e74-9754-11687a7de91a;2019-01-18T16:00+0100;48750.098
d71bb352-0cdb-4e74-9754-11687a7de91a;2019-01-18T15:00+0100;48735.406
d71bb352-0cdb-4e74-9754-11687a7de91a;2019-01-18T14:00+0100;48722.008
d71bb352-0cdb-4e74-9754-11687a7de91a;2019-01-18T13:00+0100;48705.617
d71bb352-0cdb-4e74-9754-11687a7de91a;2019-01-18T12:00+0100;48685.83
d71bb352-0cdb-4e74-9754-11687a7de91a;2019-01-18T11:00+0100;48664.84
d71bb352-0cdb-4e74-9754-11687a7de91a;2019-01-18T10:00+0100;48643.555
d71bb352-0cdb-4e74-9754-11687a7de91a;2019-01-18T09:00+0100;48622.957
d71bb352-0cdb-4e74-9754-11687a7de91a;2019-01-18T08:00+0100;48609.387
d71bb352-0cdb-4e74-9754-11687a7de91a;2019-01-18T07:00+0100;48606.1
d71bb352-0cdb-4e74-9754-11687a7de91a;2019-01-18T06:00+0100;48604.805
d71bb352-0cdb-4e74-9754-11687a7de91a;2019-01-18T05:00+0100;48603.668
d71bb352-0cdb-4e74-9754-11687a7de91a;2019-01-18T04:00+0100;48602.58
d71bb352-0cdb-4e74-9754-11687a7de91a;2019-01-18T03:00+0100;48601.418
d71bb352-0cdb-4e74-9754-11687a7de91a;2019-01-18T02:00+0100;48600.25
d71bb352-0cdb-4e74-9754-11687a7de91a;2019-01-18T01:00+0100;48599.086
d71bb352-0cdb-4e74-9754-11687a7de91a;2019-01-18T00:00+0100;48597.914
d71bb352-0cdb-4e74-9754-11687a7de91a;2019-01-17T23:00+0100;48596.656
d71bb352-0cdb-4e74-9754-11687a7de91a;2019-01-17T22:00+0100;48595.234
d71bb352-0cdb-4e74-9754-11687a7de91a;2019-01-17T21:00+0100;48593.58
d71bb352-0cdb-4e74-9754-11687a7de91a;2019-01-17T20:00+0100;48591.477
d71bb352-0cdb-4e74-9754-11687a7de91a;2019-01-17T19:00+0100;48588.117
d71bb352-0cdb-4e74-9754-11687a7de91a;2019-01-17T18:00+0100;48582.375
d71bb352-0cdb-4e74-9754-11687a7de91a;2019-01-17T17:00+0100;48572.29
d71bb352-0cdb-4e74-9754-11687a7de91a;2019-01-17T16:00+0100;48558.348
d71bb352-0cdb-4e74-9754-11687a7de91a;2019-01-17T15:00+0100;48543.656
d71bb352-0cdb-4e74-9754-11687a7de91a;2019-01-17T14:00+0100;48530.26
d71bb352-0cdb-4e74-9754-11687a7de91a;2019-01-17T13:00+0100;48513.87
d71bb352-0cdb-4e74-9754-11687a7de91a;2019-01-17T12:00+0100;48494.08
d71bb352-0cdb-4e74-9754-11687a7de91a;2019-01-17T11:00+0100;48473.094
d71bb352-0cdb-4e74-9754-11687a7de91a;2019-01-17T10:00+0100;48451.805
d71bb352-0cdb-4e74-9754-11687a7de91a;2019-01-17T09:00+0100;48431.207
d71bb352-0cdb-4e74-9754-11687a7de91a;2019-01-17T08:00+0100;48417.637
d71bb352-0cdb-4e74-9754-11687a7de91a;2019-01-17T07:00+0100;48414.36
d71bb352-0cdb-4e74-9754-11687a7de91a;2019-01-17T06:00+0100;48413.06
d71bb352-0cdb-4e74-9754-11687a7de91a;2019-01-17T05:00+0100;48411.918
d71bb352-0cdb-4e74-9754-11687a7de91a;2019-01-17T04:00+0100;48410.83
d71bb352-0cdb-4e74-9754-11687a7de91a;2019-01-17T03:00+0100;48409.67
d71bb352-0cdb-4e74-9754-11687a7de91a;2019-01-17T02:00+0100;48408.5
d71bb352-0cdb-4e74-9754-11687a7de91a;2019-01-17T01:00+0100;48407.344
d71bb352-0cdb-4e74-9754-11687a7de91a;2019-01-17T00:00+0100;48406.164
d71bb352-0cdb-4e74-9754-11687a7de91a;2019-01-16T23:00+0100;48404.91
d71bb352-0cdb-4e74-9754-11687a7de91a;2019-01-16T22:00+0100;48403.49
d71bb352-0cdb-4e74-9754-11687a7de91a;2019-01-16T21:00+0100;48401.83
d71bb352-0cdb-4e74-9754-11687a7de91a;2019-01-16T20:00+0100;48399.73
d71bb352-0cdb-4e74-9754-11687a7de91a;2019-01-16T19:00+0100;48396.367
d71bb352-0cdb-4e74-9754-11687a7de91a;2019-01-16T18:00+0100;48390.625
d71bb352-0cdb-4e74-9754-11687a7de91a;2019-01-16T17:00+0100;48380.54
d71bb352-0cdb-4e74-9754-11687a7de91a;2019-01-16T16:00+0100;48366.6
d71bb352-0cdb-4e74-9754-11687a7de91a;2019-01-16T15:00+0100;48351.906
d71bb352-0cdb-4e74-9754-11687a7de91a;2019-01-16T14:00+0100;48338.516
d71bb352-0cdb-4e74-9754-11687a7de91a;2019-01-16T13:00+0100;48322.12
d71bb352-0cdb-4e74-9754-11687a7de91a;2019-01-16T12:00+0100;48302.332
d71bb352-0cdb-4e74-9754-11687a7de91a;2019-01-16T11:00+0100;48281.344
d71bb352-0cdb-4e74-9754-11687a7de91a;2019-01-16T10:00+0100;48260.06
d71bb352-0cdb-4e74-9754-11687a7de91a;2019-01-16T09:00+0100;48239.46
d71bb352-0cdb-4e74-9754-11687a7de91a;2019-01-16T08:00+0100;48225.89
d71bb352-0cdb-4e74-9754-11687a7de91a;2019-01-16T07:00+0100;48222.61
d71bb352-0cdb-4e74-9754-11687a7de91a;2019-01-16T06:00+0100;48221.31
d71bb352-0cdb-4e74-9754-11687a7de91a;2019-01-16T05:00+0100;48220.168
d71bb352-0cdb-4e74-9754-11687a7de91a;2019-01-16T04:00+0100;48219.08
d71bb352-0cdb-4e74-9754-11687a7de91a;2019-01-16T03:00+0100;48217.926
d71bb352-0cdb-4e74-9754-11687a7de91a;2019-01-16T02:00+0100;48216.754
d71bb352-0cdb-4e74-9754-11687a7de91a;2019-01-16T01:00+0100;48215.594
d71bb352-0cdb-4e74-9754-11687a7de91a;2019-01-16T00:00+0100;48214.418
d71bb352-0cdb-4e74-9754-11687a7de91a;2019-01-15T23:00+0100;48213.164
d71bb352-0cdb-4e74-9754-11687a7de91a;2019-01-15T22:00+0100;48211.74
d71bb352-0cdb-4e74-9754-11687a7de91a;2019-01-15T21:00+0100;48210.08
d71bb352-0cdb-4e74-9754-11687a7de91a;2019-01-15T20:00+0100;48207.98
d71bb352-0cdb-4e74-9754-11687a7de91a;2019-01-15T19:00+0100;48204.617
d71bb352-0cdb-4e74-9754-11687a7de91a;2019-01-15T18:00+0100;48198.875
d71bb352-0cdb-4e74-9754-11687a7de91a;2019-01-15T17:00+0100;48188.79
d71bb352-0cdb-4e74-9754-11687a7de91a;2019-01-15T16:00+0100;48174.855
d71bb352-0cdb-4e74-9754-11687a7de91a;2019-01-15T15:00+0100;48160.164
d71bb352-0cdb-4e74-9754-11687a7de91a;2019-01-15T14:00+0100;48146.766
d71bb352-0cdb-4e74-9754-11687a7de91a;2019-01-15T13:00+0100;48130.37
d71bb352-0cdb-4e74-9754-11687a7de91a;2019-01-15T12:00+0100;48110.582
d71bb352-0cdb-4e74-9754-11687a7de91a;2019-01-15T11:00+0100;48089.594
d71bb352-0cdb-4e74-9754-11687a7de91a;2019-01-15T10:00+0100;48068.31
d71bb352-0cdb-4e74-9754-11687a7de91a;2019-01-15T09:00+0100;48047.715
d71bb352-0cdb-4e74-9754-11687a7de91a;2019-01-15T08:00+0100;48034.14
d71bb352-0cdb-4e74-9754-11687a7de91a;2019-01-15T07:00+0100;48030.863
d71bb352-0cdb-4e74-9754-11687a7de91a;2019-01-15T06:00+0100;48029.56
d71bb352-0cdb-4e74-9754-11687a7de91a;2019-01-15T05:00+0100;48028.418
d71bb352-0cdb-4e74-9754-11687a7de91a;2019-01-15T04:00+0100;48027.33
d71bb352-0cdb-4e74-9754-11687a7de91a;2019-01-15T03:00+0100;48026.176
d71bb352-0cdb-4e74-9754-11687a7de91a;2019-01-15T02:00+0100;48025.008
d71bb352-0cdb-4e74-9754-11687a7de91a;2019-01-15T01:00+0100;48023.844
d71bb352-0cdb-4e74-9754-11687a7de91a;2019-01-15T00:00+0100;48022.67
d71bb352-0cdb-4e74-9754-11687a7de91a;2019-01-14T23:00+0100;48021.414
d71bb352-0cdb-4e74-9754-11687a7de91a;2019-01-14T22:00+0100;48019.99
d71bb352-0cdb-4e74-9754-11687a7de91a;2019-01-14T21:00+0100;48018.332
d71bb352-0cdb-4e74-9754-11687a7de91a;2019-01-14T20:00+0100;48016.23
d71bb352-0cdb-4e74-9754-11687a7de91a;2019-01-14T19:00+0100;48012.87
d71bb352-0cdb-4e74-9754-11687a7de91a;2019-01-14T18:00+0100;48007.13
d71bb352-0cdb-4e74-9754-11687a7de91a;2019-01-14T17:00+0100;47997.043
d71bb352-0cdb-4e74-9754-11687a7de91a;2019-01-14T16:00+0100;47983.11
d71bb352-0cdb-4e74-9754-11687a7de91a;2019-01-14T15:00+0100;47968.414
d71bb352-0cdb-4e74-9754-11687a7de91a;2019-01-14T14:00+0100;47955.016
d71bb352-0cdb-4e74-9754-11687a7de91a;2019-01-14T13:00+0100;47938.62
d71bb352-0cdb-4e74-9754-11687a7de91a;2019-01-14T12:00+0100;47918.832
d71bb352-0cdb-4e74-9754-11687a7de91a;2019-01-14T11:00+0100;47897.844
d71bb352-0cdb-4e74-9754-11687a7de91a;2019-01-14T10:00+0100;47876.56
d71bb352-0cdb-4e74-9754-11687a7de91a;2019-01-14T09:00+0100;47855.965
d71bb352-0cdb-4e74-9754-11687a7de91a;2019-01-14T08:00+0100;47842.4
d71bb352-0cdb-4e74-9754-11687a7de91a;2019-01-14T07:00+0100;47839.113
d71bb352-0cdb-4e74-9754-11687a7de91a;2019-01-14T06:00+0100;47837.81
d71bb352-0cdb-4e74-9754-11687a7de91a;2019-01-14T05:00+0100;47836.668
d71bb352-0cdb-4e74-9754-11687a7de91a;2019-01-14T04:00+0100;47835.586
d71bb352-0cdb-4e74-9754-11687a7de91a;2019-01-14T03:00+0100;47834.426
d71bb352-0cdb-4e74-9754-11687a7de91a;2019-01-14T02:00+0100;47833.258
d71bb352-0cdb-4e74-9754-11687a7de91a;2019-01-14T01:00+0100;47832.094
d71bb352-0cdb-4e74-9754-11687a7de91a;2019-01-14T00:00+0100;47830.914
d71bb352-0cdb-4e74-9754-11687a7de91a;2019-01-13T23:00+0100;47829.676
d71bb352-0cdb-4e74-9754-11687a7de91a;2019-01-13T22:00+0100;47828.406
d71bb352-0cdb-4e74-9754-11687a7de91a;2019-01-13T21:00+0100;47827.01
d71bb352-0cdb-4e74-9754-11687a7de91a;2019-01-13T20:00+0100;47825.57
d71bb352-0cdb-4e74-9754-11687a7de91a;2019-01-13T19:00+0100;47824.023
d71bb352-0cdb-4e74-9754-11687a7de91a;2019-01-13T18:00+0100;47822.59
d71bb352-0cdb-4e74-9754-11687a7de91a;2019-01-13T17:00+0100;47821.18
d71bb352-0cdb-4e74-9754-11687a7de91a;2019-01-13T16:00+0100;47819.766
d71bb352-0cdb-4e74-9754-11687a7de91a;2019-01-13T15:00+0100;47818.438
d71bb352-0cdb-4e74-9754-11687a7de91a;2019-01-13T14:00+0100;47817.168
d71bb352-0cdb-4e74-9754-11687a7de91a;2019-01-13T13:00+0100;47815.84
d71bb352-0cdb-4e74-9754-11687a7de91a;2019-01-13T12:00+0100;47814.438
d71bb352-0cdb-4e74-9754-11687a7de91a;2019-01-13T11:00+0100;47813.098
d71bb352-0cdb-4e74-9754-11687a7de91a;2019-01-13T10:00+0100;47811.766
d71bb352-0cdb-4e74-9754-11687a7de91a;2019-01-13T09:00+0100;47810.438
d71bb352-0cdb-4e74-9754-11687a7de91a;2019-01-13T08:00+0100;47809.188
d71bb352-0cdb-4e74-9754-11687a7de91a;2019-01-13T07:00+0100;47807.934
d71bb352-0cdb-4e74-9754-11687a7de91a;2019-01-13T06:00+0100;47806.7
d71bb352-0cdb-4e74-9754-11687a7de91a;2019-01-13T05:00+0100;47805.598
d71bb352-0cdb-4e74-9754-11687a7de91a;2019-01-13T04:00+0100;47804.52
d71bb352-0cdb-4e74-9754-11687a7de91a;2019-01-13T03:00+0100;47803.42
d71bb352-0cdb-4e74-9754-11687a7de91a;2019-01-13T02:00+0100;47802.28
d71bb352-0cdb-4e74-9754-11687a7de91a;2019-01-13T01:00+0100;47801.18
d71bb352-0cdb-4e74-9754-11687a7de91a;2019-01-13T00:00+0100;47800.016
d71bb352-0cdb-4e74-9754-11687a7de91a;2019-01-12T23:00+0100;47798.785
d71bb352-0cdb-4e74-9754-11687a7de91a;2019-01-12T22:00+0100;47797.59
d71bb352-0cdb-4e74-9754-11687a7de91a;2019-01-12T21:00+0100;47796.258
d71bb352-0cdb-4e74-9754-11687a7de91a;2019-01-12T20:00+0100;47794.777
d71bb352-0cdb-4e74-9754-11687a7de91a;2019-01-12T19:00+0100;47793.273
d71bb352-0cdb-4e74-9754-11687a7de91a;2019-01-12T18:00+0100;47791.785
d71bb352-0cdb-4e74-9754-11687a7de91a;2019-01-12T17:00+0100;47790.35
d71bb352-0cdb-4e74-9754-11687a7de91a;2019-01-12T16:00+0100;47788.86
d71bb352-0cdb-4e74-9754-11687a7de91a;2019-01-12T15:00+0100;47787.36
d71bb352-0cdb-4e74-9754-11687a7de91a;2019-01-12T14:00+0100;47785.734
d71bb352-0cdb-4e74-9754-11687a7de91a;2019-01-12T13:00+0100;47783.68
d71bb352-0cdb-4e74-9754-11687a7de91a;2019-01-12T12:00+0100;47781.336
d71bb352-0cdb-4e74-9754-11687a7de91a;2019-01-12T11:00+0100;47778.797
d71bb352-0cdb-4e74-9754-11687a7de91a;2019-01-12T10:00+0100;47776.4
d71bb352-0cdb-4e74-9754-11687a7de91a;2019-01-12T09:00+0100;47774.418
d71bb352-0cdb-4e74-9754-11687a7de91a;2019-01-12T08:00+0100;47772.965
d71bb352-0cdb-4e74-9754-11687a7de91a;2019-01-12T07:00+0100;47771.7
d71bb352-0cdb-4e74-9754-11687a7de91a;2019-01-12T06:00+0100;47770.47
d71bb352-0cdb-4e74-9754-11687a7de91a;2019-01-12T05:00+0100;47769.367
d71bb352-0cdb-4e74-9754-11687a7de91a;2019-01-12T04:00+0100;47768.29
d71bb352-0cdb-4e74-9754-11687a7de91a;2019-01-12T03:00+0100;47767.19
d71bb352-0cdb-4e74-9754-11687a7de91a;2019-01-12T02:00+0100;47766.047
d71bb352-0cdb-4e74-9754-11687a7de91a;2019-01-12T01:00+0100;47764.945
d71bb352-0cdb-4e74-9754-11687a7de91a;2019-01-12T00:00+0100;47763.79
d71bb352-0cdb-4e74-9754-11687a7de91a;2019-01-11T23:00+0100;47762.53
d71bb352-0cdb-4e74-9754-11687a7de91a;2019-01-11T22:00+0100;47761.11
d71bb352-0cdb-4e74-9754-11687a7de91a;2019-01-11T21:00+0100;47759.445
d71bb352-0cdb-4e74-9754-11687a7de91a;2019-01-11T20:00+0100;47757.35
d71bb352-0cdb-4e74-9754-11687a7de91a;2019-01-11T19:00+0100;47753.99
d71bb352-0cdb-4e74-9754-11687a7de91a;2019-01-11T18:00+0100;47748.242
d71bb352-0cdb-4e74-9754-11687a7de91a;2019-01-11T17:00+0100;47738.164
d71bb352-0cdb-4e74-9754-11687a7de91a;2019-01-11T16:00+0100;47724.223
d71bb352-0cdb-4e74-9754-11687a7de91a;2019-01-11T15:00+0100;47709.53
d71bb352-0cdb-4e74-9754-11687a7de91a;2019-01-11T14:00+0100;47696.133
d71bb352-0cdb-4e74-9754-11687a7de91a;2019-01-11T13:00+0100;47679.742
d71bb352-0cdb-4e74-9754-11687a7de91a;2019-01-11T12:00+0100;47659.953
d71bb352-0cdb-4e74-9754-11687a7de91a;2019-01-11T11:00+0100;47638.965
d71bb352-0cdb-4e74-9754-11687a7de91a;2019-01-11T10:00+0100;47617.676
d71bb352-0cdb-4e74-9754-11687a7de91a;2019-01-11T09:00+0100;47597.082
d71bb352-0cdb-4e74-9754-11687a7de91a;2019-01-11T08:00+0100;47583.51
d71bb352-0cdb-4e74-9754-11687a7de91a;2019-01-11T07:00+0100;47580.227
d71bb352-0cdb-4e74-9754-11687a7de91a;2019-01-11T06:00+0100;47578.93
d71bb352-0cdb-4e74-9754-11687a7de91a;2019-01-11T05:00+0100;47577.793
d71bb352-0cdb-4e74-9754-11687a7de91a;2019-01-11T04:00+0100;47576.703
d71bb352-0cdb-4e74-9754-11687a7de91a;2019-01-11T03:00+0100;47575.543
d71bb352-0cdb-4e74-9754-11687a7de91a;2019-01-11T02:00+0100;47574.375
d71bb352-0cdb-4e74-9754-11687a7de91a;2019-01-11T01:00+0100;47573.21
d71bb352-0cdb-4e74-9754-11687a7de91a;2019-01-11T00:00+0100;47572.04
d71bb352-0cdb-4e74-9754-11687a7de91a;2019-01-10T23:00+0100;47570.78
d71bb352-0cdb-4e74-9754-11687a7de91a;2019-01-10T22:00+0100;47569.36
d71bb352-0cdb-4e74-9754-11687a7de91a;2019-01-10T21:00+0100;47567.695
d71bb352-0cdb-4e74-9754-11687a7de91a;2019-01-10T20:00+0100;47565.6
d71bb352-0cdb-4e74-9754-11687a7de91a;2019-01-10T19:00+0100;47562.242
d71bb352-0cdb-4e74-9754-11687a7de91a;2019-01-10T18:00+0100;47556.5
d71bb352-0cdb-4e74-9754-11687a7de91a;2019-01-10T17:00+0100;47546.414
d71bb352-0cdb-4e74-9754-11687a7de91a;2019-01-10T16:00+0100;47532.473
d71bb352-0cdb-4e74-9754-11687a7de91a;2019-01-10T15:00+0100;47517.78
d71bb352-0cdb-4e74-9754-11687a7de91a;2019-01-10T14:00+0100;47504.387
d71bb352-0cdb-4e74-9754-11687a7de91a;2019-01-10T13:00+0100;47487.992
d71bb352-0cdb-4e74-9754-11687a7de91a;2019-01-10T12:00+0100;47468.203
d71bb352-0cdb-4e74-9754-11687a7de91a;2019-01-10T11:00+0100;47447.22
d71bb352-0cdb-4e74-9754-11687a7de91a;2019-01-10T10:00+0100;47425.93
d71bb352-0cdb-4e74-9754-11687a7de91a;2019-01-10T09:00+0100;47405.332
d71bb352-0cdb-4e74-9754-11687a7de91a;2019-01-10T08:00+0100;47391.76
d71bb352-0cdb-4e74-9754-11687a7de91a;2019-01-10T07:00+0100;47388.484
d71bb352-0cdb-4e74-9754-11687a7de91a;2019-01-10T06:00+0100;47387.18
d71bb352-0cdb-4e74-9754-11687a7de91a;2019-01-10T05:00+0100;47386.043
d71bb352-0cdb-4e74-9754-11687a7de91a;2019-01-10T04:00+0100;47384.953
d71bb352-0cdb-4e74-9754-11687a7de91a;2019-01-10T03:00+0100;47383.797
d71bb352-0cdb-4e74-9754-11687a7de91a;2019-01-10T02:00+0100;47382.625
d71bb352-0cdb-4e74-9754-11687a7de91a;2019-01-10T01:00+0100;47381.46
d71bb352-0cdb-4e74-9754-11687a7de91a;2019-01-10T00:00+0100;47380.29
d71bb352-0cdb-4e74-9754-11687a7de91a;2019-01-09T23:00+0100;47379.03
d71bb352-0cdb-4e74-9754-11687a7de91a;2019-01-09T22:00+0100;47377.613
d71bb352-0cdb-4e74-9754-11687a7de91a;2019-01-09T21:00+0100;47375.953
d71bb352-0cdb-4e74-9754-11687a7de91a;2019-01-09T20:00+0100;47373.855
d71bb352-0cdb-4e74-9754-11687a7de91a;2019-01-09T19:00+0100;47370.492
d71bb352-0cdb-4e74-9754-11687a7de91a;2019-01-09T18:00+0100;47364.75
d71bb352-0cdb-4e74-9754-11687a7de91a;2019-01-09T17:00+0100;47354.664
d71bb352-0cdb-4e74-9754-11687a7de91a;2019-01-09T16:00+0100;47340.727
d71bb352-0cdb-4e74-9754-11687a7de91a;2019-01-09T15:00+0100;47326.03
d71bb352-0cdb-4e74-9754-11687a7de91a;2019-01-09T14:00+0100;47312.64
d71bb352-0cdb-4e74-9754-11687a7de91a;2019-01-09T13:00+0100;47296.246
d71bb352-0cdb-4e74-9754-11687a7de91a;2019-01-09T12:00+0100;47276.453
d71bb352-0cdb-4e74-9754-11687a7de91a;2019-01-09T11:00+0100;47255.47
d71bb352-0cdb-4e74-9754-11687a7de91a;2019-01-09T10:00+0100;47234.184
d71bb352-0cdb-4e74-9754-11687a7de91a;2019-01-09T09:00+0100;47213.586
d71bb352-0cdb-4e74-9754-11687a7de91a;2019-01-09T08:00+0100;47200.016
d71bb352-0cdb-4e74-9754-11687a7de91a;2019-01-09T07:00+0100;47196.734
d71bb352-0cdb-4e74-9754-11687a7de91a;2019-01-09T06:00+0100;47195.434
d71bb352-0cdb-4e74-9754-11687a7de91a;2019-01-09T05:00+0100;47194.293
d71bb352-0cdb-4e74-9754-11687a7de91a;2019-01-09T04:00+0100;47193.203
d71bb352-0cdb-4e74-9754-11687a7de91a;2019-01-09T03:00+0100;47192.05
d71bb352-0cdb-4e74-9754-11687a7de91a;2019-01-09T02:00+0100;47190.88
d71bb352-0cdb-4e74-9754-11687a7de91a;2019-01-09T01:00+0100;47189.72
d71bb352-0cdb-4e74-9754-11687a7de91a;2019-01-09T00:00+0100;47188.543
d71bb352-0cdb-4e74-9754-11687a7de91a;2019-01-08T23:00+0100;47187.29
d71bb352-0cdb-4e74-9754-11687a7de91a;2019-01-08T22:00+0100;47185.863
d71bb352-0cdb-4e74-9754-11687a7de91a;2019-01-08T21:00+0100;47184.203
d71bb352-0cdb-4e74-9754-11687a7de91a;2019-01-08T20:00+0100;47182.105
d71bb352-0cdb-4e74-9754-11687a7de91a;2019-01-08T19:00+0100;47178.742
d71bb352-0cdb-4e74-9754-11687a7de91a;2019-01-08T18:00+0100;47173.0
d71bb352-0cdb-4e74-9754-11687a7de91a;2019-01-08T17:00+0100;47162.914
d71bb352-0cdb-4e74-9754-11687a7de91a;2019-01-08T16:00+0100;47148.98
d71bb352-0cdb-4e74-9754-11687a7de91a;2019-01-08T15:00+0100;47134.29
d71bb352-0cdb-4e74-9754-11687a7de91a;2019-01-08T14:00+0100;47120.89
d71bb352-0cdb-4e74-9754-11687a7de91a;2019-01-08T13:00+0100;47104.496
d71bb352-0cdb-4e74-9754-11687a7de91a;2019-01-08T12:00+0100;47084.707
d71bb352-0cdb-4e74-9754-11687a7de91a;2019-01-08T11:00+0100;47063.72
d71bb352-0cdb-4e74-9754-11687a7de91a;2019-01-08T10:00+0100;47042.434
d71bb352-0cdb-4e74-9754-11687a7de91a;2019-01-08T09:00+0100;47021.84
d71bb352-0cdb-4e74-9754-11687a7de91a;2019-01-08T08:00+0100;47008.266
d71bb352-0cdb-4e74-9754-11687a7de91a;2019-01-08T07:00+0100;47004.99
d71bb352-0cdb-4e74-9754-11687a7de91a;2019-01-08T06:00+0100;47003.684
d71bb352-0cdb-4e74-9754-11687a7de91a;2019-01-08T05:00+0100;47002.543
d71bb352-0cdb-4e74-9754-11687a7de91a;2019-01-08T04:00+0100;47001.453
d71bb352-0cdb-4e74-9754-11687a7de91a;2019-01-08T03:00+0100;47000.3
d71bb352-0cdb-4e74-9754-11687a7de91a;2019-01-08T02:00+0100;46999.133
d71bb352-0cdb-4e74-9754-11687a7de91a;2019-01-08T01:00+0100;46997.97
d71bb352-0cdb-4e74-9754-11687a7de91a;2019-01-08T00:00+0100;46996.793
d71bb352-0cdb-4e74-9754-11687a7de91a;2019-01-07T23:00+0100;46995.54
d71bb352-0cdb-4e74-9754-11687a7de91a;2019-01-07T22:00+0100;46994.113
d71bb352-0cdb-4e74-9754-11687a7de91a;2019-01-07T21:00+0100;46992.457
d71bb352-0cdb-4e74-9754-11687a7de91a;2019-01-07T20:00+0100;46990.355
d71bb352-0cdb-4e74-9754-11687a7de91a;2019-01-07T19:00+0100;46986.996
d71bb352-0cdb-4e74-9754-11687a7de91a;2019-01-07T18:00+0100;46981.25
d71bb352-0cdb-4e74-9754-11687a7de91a;2019-01-07T17:00+0100;46971.168
d71bb352-0cdb-4e74-9754-11687a7de91a;2019-01-07T16:00+0100;46957.23
d71bb352-0cdb-4e74-9754-11687a7de91a;2019-01-07T15:00+0100;46942.54
d71bb352-0cdb-4e74-9754-11687a7de91a;2019-01-07T14:00+0100;46929.14
d71bb352-0cdb-4e74-9754-11687a7de91a;2019-01-07T13:00+0100;46912.746
d71bb352-0cdb-4e74-9754-11687a7de91a;2019-01-07T12:00+0100;46892.957
d71bb352-0cdb-4e74-9754-11687a7de91a;2019-01-07T11:00+0100;46871.97
d71bb352-0cdb-4e74-9754-11687a7de91a;2019-01-07T10:00+0100;46850.684
d71bb352-0cdb-4e74-9754-11687a7de91a;2019-01-07T09:00+0100;46830.09
d71bb352-0cdb-4e74-9754-11687a7de91a;2019-01-07T08:00+0100;46816.523
d71bb352-0cdb-4e74-9754-11687a7de91a;2019-01-07T07:00+0100;46813.24
d71bb352-0cdb-4e74-9754-11687a7de91a;2019-01-07T06:00+0100;46811.934
d71bb352-0cdb-4e74-9754-11687a7de91a;2019-01-07T05:00+0100;46810.793
d71bb352-0cdb-4e74-9754-11687a7de91a;2019-01-07T04:00+0100;46809.71
d71bb352-0cdb-4e74-9754-11687a7de91a;2019-01-07T03:00+0100;46808.55
d71bb352-0cdb-4e74-9754-11687a7de91a;2019-01-07T02:00+0100;46807.383
d71bb352-0cdb-4e74-9754-11687a7de91a;2019-01-07T01:00+0100;46806.22
d71bb352-0cdb-4e74-9754-11687a7de91a;2019-01-07T00:00+0100;46805.04
d71bb352-0cdb-4e74-9754-11687a7de91a;2019-01-06T23:00+0100;46803.8
d71bb352-0cdb-4e74-9754-11687a7de91a;2019-01-06T22:00+0100;46802.53
d71bb352-0cdb-4e74-9754-11687a7de91a;2019-01-06T21:00+0100;46801.137
d71bb352-0cdb-4e74-9754-11687a7de91a;2019-01-06T20:00+0100;46799.695
d71bb352-0cdb-4e74-9754-11687a7de91a;2019-01-06T19:00+0100;46798.15
d71bb352-0cdb-4e74-9754-11687a7de91a;2019-01-06T18:00+0100;46796.715
d71bb352-0cdb-4e74-9754-11687a7de91a;2019-01-06T17:00+0100;46795.305
d71bb352-0cdb-4e74-9754-11687a7de91a;2019-01-06T16:00+0100;46793.89
d71bb352-0cdb-4e74-9754-11687a7de91a;2019-01-06T15:00+0100;46792.562
d71bb352-0cdb-4e74-9754-11687a7de91a;2019-01-06T14:00+0100;46791.293
d71bb352-0cdb-4e74-9754-11687a7de91a;2019-01-06T13:00+0100;46789.96
d71bb352-0cdb-4e74-9754-11687a7de91a;2019-01-06T12:00+0100;46788.562
d71bb352-0cdb-4e74-9754-11687a7de91a;2019-01-06T11:00+0100;46787.223
d71bb352-0cdb-4e74-9754-11687a7de91a;2019-01-06T10:00+0100;46785.887
d71bb352-0cdb-4e74-9754-11687a7de91a;2019-01-06T09:00+0100;46784.562
d71bb352-0cdb-4e74-9754-11687a7de91a;2019-01-06T08:00+0100;46783.312
d71bb352-0cdb-4e74-9754-11687a7de91a;2019-01-06T07:00+0100;46782.06
d71bb352-0cdb-4e74-9754-11687a7de91a;2019-01-06T06:00+0100;46780.824
d71bb352-0cdb-4e74-9754-11687a7de91a;2019-01-06T05:00+0100;46779.723
d71bb352-0cdb-4e74-9754-11687a7de91a;2019-01-06T04:00+0100;46778.645
d71bb352-0cdb-4e74-9754-11687a7de91a;2019-01-06T03:00+0100;46777.547
d71bb352-0cdb-4e74-9754-11687a7de91a;2019-01-06T02:00+0100;46776.406
d71bb352-0cdb-4e74-9754-11687a7de91a;2019-01-06T01:00+0100;46775.305
d71bb352-0cdb-4e74-9754-11687a7de91a;2019-01-06T00:00+0100;46774.14
d71bb352-0cdb-4e74-9754-11687a7de91a;2019-01-05T23:00+0100;46772.91
d71bb352-0cdb-4e74-9754-11687a7de91a;2019-01-05T22:00+0100;46771.715
d71bb352-0cdb-4e74-9754-11687a7de91a;2019-01-05T21:00+0100;46770.383
d71bb352-0cdb-4e74-9754-11687a7de91a;2019-01-05T20:00+0100;46768.902
d71bb352-0cdb-4e74-9754-11687a7de91a;2019-01-05T19:00+0100;46767.4
d71bb352-0cdb-4e74-9754-11687a7de91a;2019-01-05T18:00+0100;46765.91
d71bb352-0cdb-4e74-9754-11687a7de91a;2019-01-05T17:00+0100;46764.473
d71bb352-0cdb-4e74-9754-11687a7de91a;2019-01-05T16:00+0100;46762.984
d71bb352-0cdb-4e74-9754-11687a7de91a;2019-01-05T15:00+0100;46761.484
d71bb352-0cdb-4e74-9754-11687a7de91a;2019-01-05T14:00+0100;46759.86
d71bb352-0cdb-4e74-9754-11687a7de91a;2019-01-05T13:00+0100;46757.805
d71bb352-0cdb-4e74-9754-11687a7de91a;2019-01-05T12:00+0100;46755.46
d71bb352-0cdb-4e74-9754-11687a7de91a;2019-01-05T11:00+0100;46752.92
d71bb352-0cdb-4e74-9754-11687a7de91a;2019-01-05T10:00+0100;46750.523
d71bb352-0cdb-4e74-9754-11687a7de91a;2019-01-05T09:00+0100;46748.543
d71bb352-0cdb-4e74-9754-11687a7de91a;2019-01-05T08:00+0100;46747.09
d71bb352-0cdb-4e74-9754-11687a7de91a;2019-01-05T07:00+0100;46745.824
d71bb352-0cdb-4e74-9754-11687a7de91a;2019-01-05T06:00+0100;46744.594
d71bb352-0cdb-4e74-9754-11687a7de91a;2019-01-05T05:00+0100;46743.492
d71bb352-0cdb-4e74-9754-11687a7de91a;2019-01-05T04:00+0100;46742.414
d71bb352-0cdb-4e74-9754-11687a7de91a;2019-01-05T03:00+0100;46741.316
d71bb352-0cdb-4e74-9754-11687a7de91a;2019-01-05T02:00+0100;46740.17
d71bb352-0cdb-4e74-9754-11687a7de91a;2019-01-05T01:00+0100;46739.07
d71bb352-0cdb-4e74-9754-11687a7de91a;2019-01-05T00:00+0100;46737.914
d71bb352-0cdb-4e74-9754-11687a7de91a;2019-01-04T23:00+0100;46736.656
d71bb352-0cdb-4e74-9754-11687a7de91a;2019-01-04T22:00+0100;46735.234
d71bb352-0cdb-4e74-9754-11687a7de91a;2019-01-04T21:00+0100;46733.57
d71bb352-0cdb-4e74-9754-11687a7de91a;2019-01-04T20:00+0100;46731.477
d71bb352-0cdb-4e74-9754-11687a7de91a;2019-01-04T19:00+0100;46728.113
d71bb352-0cdb-4e74-9754-11687a7de91a;2019-01-04T18:00+0100;46722.367
d71bb352-0cdb-4e74-9754-11687a7de91a;2019-01-04T17:00+0100;46712.285
d71bb352-0cdb-4e74-9754-11687a7de91a;2019-01-04T16:00+0100;46698.348
d71bb352-0cdb-4e74-9754-11687a7de91a;2019-01-04T15:00+0100;46683.656
d71bb352-0cdb-4e74-9754-11687a7de91a;2019-01-04T14:00+0100;46670.258
d71bb352-0cdb-4e74-9754-11687a7de91a;2019-01-04T13:00+0100;46653.867
d71bb352-0cdb-4e74-9754-11687a7de91a;2019-01-04T12:00+0100;46634.08
d71bb352-0cdb-4e74-9754-11687a7de91a;2019-01-04T11:00+0100;46613.086
d71bb352-0cdb-4e74-9754-11687a7de91a;2019-01-04T10:00+0100;46591.8
d71bb352-0cdb-4e74-9754-11687a7de91a;2019-01-04T09:00+0100;46571.203
d71bb352-0cdb-4e74-9754-11687a7de91a;2019-01-04T08:00+0100;46557.637
d71bb352-0cdb-4e74-9754-11687a7de91a;2019-01-04T07:00+0100;46554.35
d71bb352-0cdb-4e74-9754-11687a7de91a;2019-01-04T06:00+0100;46553.055
d71bb352-0cdb-4e74-9754-11687a7de91a;2019-01-04T05:00+0100;46551.914
d71bb352-0cdb-4e74-9754-11687a7de91a;2019-01-04T04:00+0100;46550.83
d71bb352-0cdb-4e74-9754-11687a7de91a;2019-01-04T03:00+0100;46549.668
d71bb352-0cdb-4e74-9754-11687a7de91a;2019-01-04T02:00+0100;46548.5
d71bb352-0cdb-4e74-9754-11687a7de91a;2019-01-04T01:00+0100;46547.336
d71bb352-0cdb-4e74-9754-11687a7de91a;2019-01-04T00:00+0100;46546.164
d71bb352-0cdb-4e74-9754-11687a7de91a;2019-01-03T23:00+0100;46544.906
d71bb352-0cdb-4e74-9754-11687a7de91a;2019-01-03T22:00+0100;46543.484
d71bb352-0cdb-4e74-9754-11687a7de91a;2019-01-03T21:00+0100;46541.82
d71bb352-0cdb-4e74-9754-11687a7de91a;2019-01-03T20:00+0100;46539.727
d71bb352-0cdb-4e74-9754-11687a7de91a;2019-01-03T19:00+0100;46536.367
d71bb352-0cdb-4e74-9754-11687a7de91a;2019-01-03T18:00+0100;46530.625
d71bb352-0cdb-4e74-9754-11687a7de91a;2019-01-03T17:00+0100;46520.54
d71bb352-0cdb-4e74-9754-11687a7de91a;2019-01-03T16:00+0100;46506.598
d71bb352-0cdb-4e74-9754-11687a7de91a;2019-01-03T15:00+0100;46491.906
d71bb352-0cdb-4e74-9754-11687a7de91a;2019-01-03T14:00+0100;46478.51
d71bb352-0cdb-4e74-9754-11687a7de91a;2019-01-03T13:00+0100;46462.117
d71bb352-0cdb-4e74-9754-11687a7de91a;2019-01-03T12:00+0100;46442.33
d71bb352-0cdb-4e74-9754-11687a7de91a;2019-01-03T11:00+0100;46421.344
d71bb352-0cdb-4e74-9754-11687a7de91a;2019-01-03T10:00+0100;46400.055
d71bb352-0cdb-4e74-9754-11687a7de91a;2019-01-03T09:00+0100;46379.457
d71bb352-0cdb-4e74-9754-11687a7de91a;2019-01-03T08:00+0100;46365.887
d71bb352-0cdb-4e74-9754-11687a7de91a;2019-01-03T07:00+0100;46362.61
d71bb352-0cdb-4e74-9754-11687a7de91a;2019-01-03T06:00+0100;46361.305
d71bb352-0cdb-4e74-9754-11687a7de91a;2019-01-03T05:00+0100;46360.168
d71bb352-0cdb-4e74-9754-11687a7de91a;2019-01-03T04:00+0100;46359.08
d71bb352-0cdb-4e74-9754-11687a7de91a;2019-01-03T03:00+0100;46357.918
d71bb352-0cdb-4e74-9754-11687a7de91a;2019-01-03T02:00+0100;46356.75
d71bb352-0cdb-4e74-9754-11687a7de91a;2019-01-03T01:00+0100;46355.586
d71bb352-0cdb-4e74-9754-11687a7de91a;2019-01-03T00:00+0100;46354.414
d71bb352-0cdb-4e74-9754-11687a7de91a;2019-01-02T23:00+0100;46353.156
d71bb352-0cdb-4e74-9754-11687a7de91a;2019-01-02T22:00+0100;46351.734
d71bb352-0cdb-4e74-9754-11687a7de91a;2019-01-02T21:00+0100;46350.08
d71bb352-0cdb-4e74-9754-11687a7de91a;2019-01-02T20:00+0100;46347.977
d71bb352-0cdb-4e74-9754-11687a7de91a;2019-01-02T19:00+0100;46344.617
d71bb352-0cdb-4e74-9754-11687a7de91a;2019-01-02T18:00+0100;46338.875
d71bb352-0cdb-4e74-9754-11687a7de91a;2019-01-02T17:00+0100;46328.79
d71bb352-0cdb-4e74-9754-11687a7de91a;2019-01-02T16:00+0100;46314.85
d71bb352-0cdb-4e74-9754-11687a7de91a;2019-01-02T15:00+0100;46300.156
d71bb352-0cdb-4e74-9754-11687a7de91a;2019-01-02T14:00+0100;46286.76
d71bb352-0cdb-4e74-9754-11687a7de91a;2019-01-02T13:00+0100;46270.37
d71bb352-0cdb-4e74-9754-11687a7de91a;2019-01-02T12:00+0100;46250.58
d71bb352-0cdb-4e74-9754-11687a7de91a;2019-01-02T11:00+0100;46229.594
d71bb352-0cdb-4e74-9754-11687a7de91a;2019-01-02T10:00+0100;46208.31
d71bb352-0cdb-4e74-9754-11687a7de91a;2019-01-02T09:00+0100;46187.71
d71bb352-0cdb-4e74-9754-11687a7de91a;2019-01-02T08:00+0100;46174.14
d71bb352-0cdb-4e74-9754-11687a7de91a;2019-01-02T07:00+0100;46170.86
d71bb352-0cdb-4e74-9754-11687a7de91a;2019-01-02T06:00+0100;46169.56
d71bb352-0cdb-4e74-9754-11687a7de91a;2019-01-02T05:00+0100;46168.418
d71bb352-0cdb-4e74-9754-11687a7de91a;2019-01-02T04:00+0100;46167.33
d71bb352-0cdb-4e74-9754-11687a7de91a;2019-01-02T03:00+0100;46166.176
d71bb352-0cdb-4e74-9754-11687a7de91a;2019-01-02T02:00+0100;46165.004
d71bb352-0cdb-4e74-9754-11687a7de91a;2019-01-02T01:00+0100;46163.844
d71bb352-0cdb-4e74-9754-11687a7de91a;2019-01-02T00:00+0100;46162.668
d71bb352-0cdb-4e74-9754-11687a7de91a;2019-01-01T23:00+0100;46161.414
d71bb352-0cdb-4e74-9754-11687a7de91a;2019-01-01T22:00+0100;46159.99
d71bb352-0cdb-4e74-9754-11687a7de91a;2019-01-01T21:00+0100;46158.33
d71bb352-0cdb-4e74-9754-11687a7de91a;2019-01-01T20:00+0100;46156.23
d71bb352-0cdb-4e74-9754-11687a7de91a;2019-01-01T19:00+0100;46152.867
d71bb352-0cdb-4e74-9754-11687a7de91a;2019-01-01T18:00+0100;46147.125
d71bb352-0cdb-4e74-9754-11687a7de91a;2019-01-01T17:00+0100;46137.04
d71bb352-0cdb-4e74-9754-11687a7de91a;2019-01-01T16:00+0100;46123.105
d71bb352-0cdb-4e74-9754-11687a7de91a;2019-01-01T15:00+0100;46108.414
d71bb352-0cdb-4e74-9754-11687a7de91a;2019-01-01T14:00+0100;46095.016
d71bb352-0cdb-4e74-9754-11687a7de91a;2019-01-01T13:00+0100;46078.62
d71bb352-0cdb-4e74-9754-11687a7de91a;2019-01-01T12:00+0100;46058.832
d71bb352-0cdb-4e74-9754-11687a7de91a;2019-01-01T11:00+0100;46037.844
d71bb352-0cdb-4e74-9754-11687a7de91a;2019-01-01T10:00+0100;46016.56
d71bb352-0cdb-4e74-9754-11687a7de91a;2019-01-01T09:00+0100;45995.965
d71bb352-0cdb-4e74-9754-11687a7de91a;2019-01-01T08:00+0100;45982.39
d71bb352-0cdb-4e74-9754-11687a7de91a;2019-01-01T07:00+0100;45979.113
d71bb352-0cdb-4e74-9754-11687a7de91a;2019-01-01T06:00+0100;45977.81
d71bb352-0cdb-4e74-9754-11687a7de91a;2019-01-01T05:00+0100;45976.668
d71bb352-0cdb-4e74-9754-11687a7de91a;2019-01-01T04:00+0100;45975.58
d71bb352-0cdb-4e74-9754-11687a7de91a;2019-01-01T03:00+0100;45974.426
d71bb352-0cdb-4e74-9754-11687a7de91a;2019-01-01T02:00+0100;45973.254
d71bb352-0cdb-4e74-9754-11687a7de91a;2019-01-01T01:00+0100;45972.094
d71bb352-0cdb-4e74-9754-11687a7de91a;2019-01-01T00:00+0100;45970.918
