d6474feb-d37a-405c-b16b-5e39138355d0;2018-02-28T23:00+0100;8782.082
d6474feb-d37a-405c-b16b-5e39138355d0;2018-02-28T22:00+0100;8780.656
d6474feb-d37a-405c-b16b-5e39138355d0;2018-02-28T21:00+0100;8778.999
d6474feb-d37a-405c-b16b-5e39138355d0;2018-02-28T20:00+0100;8776.901
d6474feb-d37a-405c-b16b-5e39138355d0;2018-02-28T19:00+0100;8773.54
d6474feb-d37a-405c-b16b-5e39138355d0;2018-02-28T18:00+0100;8767.794
d6474feb-d37a-405c-b16b-5e39138355d0;2018-02-28T17:00+0100;8757.711
d6474feb-d37a-405c-b16b-5e39138355d0;2018-02-28T16:00+0100;8743.773
d6474feb-d37a-405c-b16b-5e39138355d0;2018-02-28T15:00+0100;8729.082
d6474feb-d37a-405c-b16b-5e39138355d0;2018-02-28T14:00+0100;8715.684
d6474feb-d37a-405c-b16b-5e39138355d0;2018-02-28T13:00+0100;8699.292
d6474feb-d37a-405c-b16b-5e39138355d0;2018-02-28T12:00+0100;8679.503
d6474feb-d37a-405c-b16b-5e39138355d0;2018-02-28T11:00+0100;8658.512
d6474feb-d37a-405c-b16b-5e39138355d0;2018-02-28T10:00+0100;8637.227
d6474feb-d37a-405c-b16b-5e39138355d0;2018-02-28T09:00+0100;8616.632
d6474feb-d37a-405c-b16b-5e39138355d0;2018-02-28T08:00+0100;8603.0625
d6474feb-d37a-405c-b16b-5e39138355d0;2018-02-28T07:00+0100;8599.78
d6474feb-d37a-405c-b16b-5e39138355d0;2018-02-28T06:00+0100;8598.477
d6474feb-d37a-405c-b16b-5e39138355d0;2018-02-28T05:00+0100;8597.339
d6474feb-d37a-405c-b16b-5e39138355d0;2018-02-28T04:00+0100;8596.252
d6474feb-d37a-405c-b16b-5e39138355d0;2018-02-28T03:00+0100;8595.094
d6474feb-d37a-405c-b16b-5e39138355d0;2018-02-28T02:00+0100;8593.927
d6474feb-d37a-405c-b16b-5e39138355d0;2018-02-28T01:00+0100;8592.763
d6474feb-d37a-405c-b16b-5e39138355d0;2018-02-28T00:00+0100;8591.588
d6474feb-d37a-405c-b16b-5e39138355d0;2018-02-27T23:00+0100;8590.334
d6474feb-d37a-405c-b16b-5e39138355d0;2018-02-27T22:00+0100;8588.908
d6474feb-d37a-405c-b16b-5e39138355d0;2018-02-27T21:00+0100;8587.249
d6474feb-d37a-405c-b16b-5e39138355d0;2018-02-27T20:00+0100;8585.152
d6474feb-d37a-405c-b16b-5e39138355d0;2018-02-27T19:00+0100;8581.791
d6474feb-d37a-405c-b16b-5e39138355d0;2018-02-27T18:00+0100;8576.045
d6474feb-d37a-405c-b16b-5e39138355d0;2018-02-27T17:00+0100;8565.962
d6474feb-d37a-405c-b16b-5e39138355d0;2018-02-27T16:00+0100;8552.024
d6474feb-d37a-405c-b16b-5e39138355d0;2018-02-27T15:00+0100;8537.333
d6474feb-d37a-405c-b16b-5e39138355d0;2018-02-27T14:00+0100;8523.936
d6474feb-d37a-405c-b16b-5e39138355d0;2018-02-27T13:00+0100;8507.543
d6474feb-d37a-405c-b16b-5e39138355d0;2018-02-27T12:00+0100;8487.754
d6474feb-d37a-405c-b16b-5e39138355d0;2018-02-27T11:00+0100;8466.764
d6474feb-d37a-405c-b16b-5e39138355d0;2018-02-27T10:00+0100;8445.479
d6474feb-d37a-405c-b16b-5e39138355d0;2018-02-27T09:00+0100;8424.883
d6474feb-d37a-405c-b16b-5e39138355d0;2018-02-27T08:00+0100;8411.313
d6474feb-d37a-405c-b16b-5e39138355d0;2018-02-27T07:00+0100;8408.031
d6474feb-d37a-405c-b16b-5e39138355d0;2018-02-27T06:00+0100;8406.729
d6474feb-d37a-405c-b16b-5e39138355d0;2018-02-27T05:00+0100;8405.59
d6474feb-d37a-405c-b16b-5e39138355d0;2018-02-27T04:00+0100;8404.504
d6474feb-d37a-405c-b16b-5e39138355d0;2018-02-27T03:00+0100;8403.346
d6474feb-d37a-405c-b16b-5e39138355d0;2018-02-27T02:00+0100;8402.178
d6474feb-d37a-405c-b16b-5e39138355d0;2018-02-27T01:00+0100;8401.014
d6474feb-d37a-405c-b16b-5e39138355d0;2018-02-27T00:00+0100;8399.839
d6474feb-d37a-405c-b16b-5e39138355d0;2018-02-26T23:00+0100;8398.584
d6474feb-d37a-405c-b16b-5e39138355d0;2018-02-26T22:00+0100;8397.159
d6474feb-d37a-405c-b16b-5e39138355d0;2018-02-26T21:00+0100;8395.5
d6474feb-d37a-405c-b16b-5e39138355d0;2018-02-26T20:00+0100;8393.404
d6474feb-d37a-405c-b16b-5e39138355d0;2018-02-26T19:00+0100;8390.043
d6474feb-d37a-405c-b16b-5e39138355d0;2018-02-26T18:00+0100;8384.297
d6474feb-d37a-405c-b16b-5e39138355d0;2018-02-26T17:00+0100;8374.213
d6474feb-d37a-405c-b16b-5e39138355d0;2018-02-26T16:00+0100;8360.275
d6474feb-d37a-405c-b16b-5e39138355d0;2018-02-26T15:00+0100;8345.584
d6474feb-d37a-405c-b16b-5e39138355d0;2018-02-26T14:00+0100;8332.187
d6474feb-d37a-405c-b16b-5e39138355d0;2018-02-26T13:00+0100;8315.795
d6474feb-d37a-405c-b16b-5e39138355d0;2018-02-26T12:00+0100;8296.005
d6474feb-d37a-405c-b16b-5e39138355d0;2018-02-26T11:00+0100;8275.015
d6474feb-d37a-405c-b16b-5e39138355d0;2018-02-26T10:00+0100;8253.73
d6474feb-d37a-405c-b16b-5e39138355d0;2018-02-26T09:00+0100;8233.135
d6474feb-d37a-405c-b16b-5e39138355d0;2018-02-26T08:00+0100;8219.565
d6474feb-d37a-405c-b16b-5e39138355d0;2018-02-26T07:00+0100;8216.283
d6474feb-d37a-405c-b16b-5e39138355d0;2018-02-26T06:00+0100;8214.9795
d6474feb-d37a-405c-b16b-5e39138355d0;2018-02-26T05:00+0100;8213.842
d6474feb-d37a-405c-b16b-5e39138355d0;2018-02-26T04:00+0100;8212.754
d6474feb-d37a-405c-b16b-5e39138355d0;2018-02-26T03:00+0100;8211.597
d6474feb-d37a-405c-b16b-5e39138355d0;2018-02-26T02:00+0100;8210.43
d6474feb-d37a-405c-b16b-5e39138355d0;2018-02-26T01:00+0100;8209.265
d6474feb-d37a-405c-b16b-5e39138355d0;2018-02-26T00:00+0100;8208.086
d6474feb-d37a-405c-b16b-5e39138355d0;2018-02-25T23:00+0100;8206.85
d6474feb-d37a-405c-b16b-5e39138355d0;2018-02-25T22:00+0100;8205.576
d6474feb-d37a-405c-b16b-5e39138355d0;2018-02-25T21:00+0100;8204.185
d6474feb-d37a-405c-b16b-5e39138355d0;2018-02-25T20:00+0100;8202.742
d6474feb-d37a-405c-b16b-5e39138355d0;2018-02-25T19:00+0100;8201.199
d6474feb-d37a-405c-b16b-5e39138355d0;2018-02-25T18:00+0100;8199.761
d6474feb-d37a-405c-b16b-5e39138355d0;2018-02-25T17:00+0100;8198.347
d6474feb-d37a-405c-b16b-5e39138355d0;2018-02-25T16:00+0100;8196.9375
d6474feb-d37a-405c-b16b-5e39138355d0;2018-02-25T15:00+0100;8195.606
d6474feb-d37a-405c-b16b-5e39138355d0;2018-02-25T14:00+0100;8194.341
d6474feb-d37a-405c-b16b-5e39138355d0;2018-02-25T13:00+0100;8193.008
d6474feb-d37a-405c-b16b-5e39138355d0;2018-02-25T12:00+0100;8191.6094
d6474feb-d37a-405c-b16b-5e39138355d0;2018-02-25T11:00+0100;8190.2666
d6474feb-d37a-405c-b16b-5e39138355d0;2018-02-25T10:00+0100;8188.935
d6474feb-d37a-405c-b16b-5e39138355d0;2018-02-25T09:00+0100;8187.6113
d6474feb-d37a-405c-b16b-5e39138355d0;2018-02-25T08:00+0100;8186.3535
d6474feb-d37a-405c-b16b-5e39138355d0;2018-02-25T07:00+0100;8185.1025
d6474feb-d37a-405c-b16b-5e39138355d0;2018-02-25T06:00+0100;8183.8726
d6474feb-d37a-405c-b16b-5e39138355d0;2018-02-25T05:00+0100;8182.769
d6474feb-d37a-405c-b16b-5e39138355d0;2018-02-25T04:00+0100;8181.691
d6474feb-d37a-405c-b16b-5e39138355d0;2018-02-25T03:00+0100;8180.5957
d6474feb-d37a-405c-b16b-5e39138355d0;2018-02-25T02:00+0100;8179.4517
d6474feb-d37a-405c-b16b-5e39138355d0;2018-02-25T01:00+0100;8178.3506
d6474feb-d37a-405c-b16b-5e39138355d0;2018-02-25T00:00+0100;8177.185
d6474feb-d37a-405c-b16b-5e39138355d0;2018-02-24T23:00+0100;8175.954
d6474feb-d37a-405c-b16b-5e39138355d0;2018-02-24T22:00+0100;8174.7607
d6474feb-d37a-405c-b16b-5e39138355d0;2018-02-24T21:00+0100;8173.43
d6474feb-d37a-405c-b16b-5e39138355d0;2018-02-24T20:00+0100;8171.9473
d6474feb-d37a-405c-b16b-5e39138355d0;2018-02-24T19:00+0100;8170.4443
d6474feb-d37a-405c-b16b-5e39138355d0;2018-02-24T18:00+0100;8168.956
d6474feb-d37a-405c-b16b-5e39138355d0;2018-02-24T17:00+0100;8167.5205
d6474feb-d37a-405c-b16b-5e39138355d0;2018-02-24T16:00+0100;8166.0317
d6474feb-d37a-405c-b16b-5e39138355d0;2018-02-24T15:00+0100;8164.529
d6474feb-d37a-405c-b16b-5e39138355d0;2018-02-24T14:00+0100;8162.9014
d6474feb-d37a-405c-b16b-5e39138355d0;2018-02-24T13:00+0100;8160.8525
d6474feb-d37a-405c-b16b-5e39138355d0;2018-02-24T12:00+0100;8158.5103
d6474feb-d37a-405c-b16b-5e39138355d0;2018-02-24T11:00+0100;8155.969
d6474feb-d37a-405c-b16b-5e39138355d0;2018-02-24T10:00+0100;8153.5684
d6474feb-d37a-405c-b16b-5e39138355d0;2018-02-24T09:00+0100;8151.5903
d6474feb-d37a-405c-b16b-5e39138355d0;2018-02-24T08:00+0100;8150.133
d6474feb-d37a-405c-b16b-5e39138355d0;2018-02-24T07:00+0100;8148.87
d6474feb-d37a-405c-b16b-5e39138355d0;2018-02-24T06:00+0100;8147.6416
d6474feb-d37a-405c-b16b-5e39138355d0;2018-02-24T05:00+0100;8146.538
d6474feb-d37a-405c-b16b-5e39138355d0;2018-02-24T04:00+0100;8145.4604
d6474feb-d37a-405c-b16b-5e39138355d0;2018-02-24T03:00+0100;8144.3643
d6474feb-d37a-405c-b16b-5e39138355d0;2018-02-24T02:00+0100;8143.2197
d6474feb-d37a-405c-b16b-5e39138355d0;2018-02-24T01:00+0100;8142.116
d6474feb-d37a-405c-b16b-5e39138355d0;2018-02-24T00:00+0100;8140.959
d6474feb-d37a-405c-b16b-5e39138355d0;2018-02-23T23:00+0100;8139.704
d6474feb-d37a-405c-b16b-5e39138355d0;2018-02-23T22:00+0100;8138.2783
d6474feb-d37a-405c-b16b-5e39138355d0;2018-02-23T21:00+0100;8136.62
d6474feb-d37a-405c-b16b-5e39138355d0;2018-02-23T20:00+0100;8134.5234
d6474feb-d37a-405c-b16b-5e39138355d0;2018-02-23T19:00+0100;8131.1616
d6474feb-d37a-405c-b16b-5e39138355d0;2018-02-23T18:00+0100;8125.4155
d6474feb-d37a-405c-b16b-5e39138355d0;2018-02-23T17:00+0100;8115.3325
d6474feb-d37a-405c-b16b-5e39138355d0;2018-02-23T16:00+0100;8101.395
d6474feb-d37a-405c-b16b-5e39138355d0;2018-02-23T15:00+0100;8086.7036
d6474feb-d37a-405c-b16b-5e39138355d0;2018-02-23T14:00+0100;8073.3057
d6474feb-d37a-405c-b16b-5e39138355d0;2018-02-23T13:00+0100;8056.914
d6474feb-d37a-405c-b16b-5e39138355d0;2018-02-23T12:00+0100;8037.1245
d6474feb-d37a-405c-b16b-5e39138355d0;2018-02-23T11:00+0100;8016.134
d6474feb-d37a-405c-b16b-5e39138355d0;2018-02-23T10:00+0100;7994.849
d6474feb-d37a-405c-b16b-5e39138355d0;2018-02-23T09:00+0100;7974.254
d6474feb-d37a-405c-b16b-5e39138355d0;2018-02-23T08:00+0100;7960.6846
d6474feb-d37a-405c-b16b-5e39138355d0;2018-02-23T07:00+0100;7957.4023
d6474feb-d37a-405c-b16b-5e39138355d0;2018-02-23T06:00+0100;7956.099
d6474feb-d37a-405c-b16b-5e39138355d0;2018-02-23T05:00+0100;7954.9614
d6474feb-d37a-405c-b16b-5e39138355d0;2018-02-23T04:00+0100;7953.874
d6474feb-d37a-405c-b16b-5e39138355d0;2018-02-23T03:00+0100;7952.717
d6474feb-d37a-405c-b16b-5e39138355d0;2018-02-23T02:00+0100;7951.5483
d6474feb-d37a-405c-b16b-5e39138355d0;2018-02-23T01:00+0100;7950.3843
d6474feb-d37a-405c-b16b-5e39138355d0;2018-02-23T00:00+0100;7949.21
d6474feb-d37a-405c-b16b-5e39138355d0;2018-02-22T23:00+0100;7947.9556
d6474feb-d37a-405c-b16b-5e39138355d0;2018-02-22T22:00+0100;7946.5303
d6474feb-d37a-405c-b16b-5e39138355d0;2018-02-22T21:00+0100;7944.871
d6474feb-d37a-405c-b16b-5e39138355d0;2018-02-22T20:00+0100;7942.774
d6474feb-d37a-405c-b16b-5e39138355d0;2018-02-22T19:00+0100;7939.4126
d6474feb-d37a-405c-b16b-5e39138355d0;2018-02-22T18:00+0100;7933.667
d6474feb-d37a-405c-b16b-5e39138355d0;2018-02-22T17:00+0100;7923.5835
d6474feb-d37a-405c-b16b-5e39138355d0;2018-02-22T16:00+0100;7909.6465
d6474feb-d37a-405c-b16b-5e39138355d0;2018-02-22T15:00+0100;7894.955
d6474feb-d37a-405c-b16b-5e39138355d0;2018-02-22T14:00+0100;7881.5576
d6474feb-d37a-405c-b16b-5e39138355d0;2018-02-22T13:00+0100;7865.1655
d6474feb-d37a-405c-b16b-5e39138355d0;2018-02-22T12:00+0100;7845.376
d6474feb-d37a-405c-b16b-5e39138355d0;2018-02-22T11:00+0100;7824.3857
d6474feb-d37a-405c-b16b-5e39138355d0;2018-02-22T10:00+0100;7803.1
d6474feb-d37a-405c-b16b-5e39138355d0;2018-02-22T09:00+0100;7782.505
d6474feb-d37a-405c-b16b-5e39138355d0;2018-02-22T08:00+0100;7768.936
d6474feb-d37a-405c-b16b-5e39138355d0;2018-02-22T07:00+0100;7765.6533
d6474feb-d37a-405c-b16b-5e39138355d0;2018-02-22T06:00+0100;7764.35
d6474feb-d37a-405c-b16b-5e39138355d0;2018-02-22T05:00+0100;7763.213
d6474feb-d37a-405c-b16b-5e39138355d0;2018-02-22T04:00+0100;7762.1255
d6474feb-d37a-405c-b16b-5e39138355d0;2018-02-22T03:00+0100;7760.9673
d6474feb-d37a-405c-b16b-5e39138355d0;2018-02-22T02:00+0100;7759.8
d6474feb-d37a-405c-b16b-5e39138355d0;2018-02-22T01:00+0100;7758.6357
d6474feb-d37a-405c-b16b-5e39138355d0;2018-02-22T00:00+0100;7757.4614
d6474feb-d37a-405c-b16b-5e39138355d0;2018-02-21T23:00+0100;7756.207
d6474feb-d37a-405c-b16b-5e39138355d0;2018-02-21T22:00+0100;7754.7817
d6474feb-d37a-405c-b16b-5e39138355d0;2018-02-21T21:00+0100;7753.1226
d6474feb-d37a-405c-b16b-5e39138355d0;2018-02-21T20:00+0100;7751.026
d6474feb-d37a-405c-b16b-5e39138355d0;2018-02-21T19:00+0100;7747.664
d6474feb-d37a-405c-b16b-5e39138355d0;2018-02-21T18:00+0100;7741.918
d6474feb-d37a-405c-b16b-5e39138355d0;2018-02-21T17:00+0100;7731.8354
d6474feb-d37a-405c-b16b-5e39138355d0;2018-02-21T16:00+0100;7717.898
d6474feb-d37a-405c-b16b-5e39138355d0;2018-02-21T15:00+0100;7703.2065
d6474feb-d37a-405c-b16b-5e39138355d0;2018-02-21T14:00+0100;7689.808
d6474feb-d37a-405c-b16b-5e39138355d0;2018-02-21T13:00+0100;7673.417
d6474feb-d37a-405c-b16b-5e39138355d0;2018-02-21T12:00+0100;7653.627
d6474feb-d37a-405c-b16b-5e39138355d0;2018-02-21T11:00+0100;7632.6367
d6474feb-d37a-405c-b16b-5e39138355d0;2018-02-21T10:00+0100;7611.3516
d6474feb-d37a-405c-b16b-5e39138355d0;2018-02-21T09:00+0100;7590.7563
d6474feb-d37a-405c-b16b-5e39138355d0;2018-02-21T08:00+0100;7577.1875
d6474feb-d37a-405c-b16b-5e39138355d0;2018-02-21T07:00+0100;7573.905
d6474feb-d37a-405c-b16b-5e39138355d0;2018-02-21T06:00+0100;7572.6016
d6474feb-d37a-405c-b16b-5e39138355d0;2018-02-21T05:00+0100;7571.464
d6474feb-d37a-405c-b16b-5e39138355d0;2018-02-21T04:00+0100;7570.3765
d6474feb-d37a-405c-b16b-5e39138355d0;2018-02-21T03:00+0100;7569.2188
d6474feb-d37a-405c-b16b-5e39138355d0;2018-02-21T02:00+0100;7568.0513
d6474feb-d37a-405c-b16b-5e39138355d0;2018-02-21T01:00+0100;7566.887
d6474feb-d37a-405c-b16b-5e39138355d0;2018-02-21T00:00+0100;7565.713
d6474feb-d37a-405c-b16b-5e39138355d0;2018-02-20T23:00+0100;7564.458
d6474feb-d37a-405c-b16b-5e39138355d0;2018-02-20T22:00+0100;7563.032
d6474feb-d37a-405c-b16b-5e39138355d0;2018-02-20T21:00+0100;7561.374
d6474feb-d37a-405c-b16b-5e39138355d0;2018-02-20T20:00+0100;7559.2773
d6474feb-d37a-405c-b16b-5e39138355d0;2018-02-20T19:00+0100;7555.9155
d6474feb-d37a-405c-b16b-5e39138355d0;2018-02-20T18:00+0100;7550.1694
d6474feb-d37a-405c-b16b-5e39138355d0;2018-02-20T17:00+0100;7540.0864
d6474feb-d37a-405c-b16b-5e39138355d0;2018-02-20T16:00+0100;7526.149
d6474feb-d37a-405c-b16b-5e39138355d0;2018-02-20T15:00+0100;7511.4575
d6474feb-d37a-405c-b16b-5e39138355d0;2018-02-20T14:00+0100;7498.0596
d6474feb-d37a-405c-b16b-5e39138355d0;2018-02-20T13:00+0100;7481.668
d6474feb-d37a-405c-b16b-5e39138355d0;2018-02-20T12:00+0100;7461.8784
d6474feb-d37a-405c-b16b-5e39138355d0;2018-02-20T11:00+0100;7440.8877
d6474feb-d37a-405c-b16b-5e39138355d0;2018-02-20T10:00+0100;7419.603
d6474feb-d37a-405c-b16b-5e39138355d0;2018-02-20T09:00+0100;7399.008
d6474feb-d37a-405c-b16b-5e39138355d0;2018-02-20T08:00+0100;7385.4385
d6474feb-d37a-405c-b16b-5e39138355d0;2018-02-20T07:00+0100;7382.1562
d6474feb-d37a-405c-b16b-5e39138355d0;2018-02-20T06:00+0100;7380.853
d6474feb-d37a-405c-b16b-5e39138355d0;2018-02-20T05:00+0100;7379.7153
d6474feb-d37a-405c-b16b-5e39138355d0;2018-02-20T04:00+0100;7378.628
d6474feb-d37a-405c-b16b-5e39138355d0;2018-02-20T03:00+0100;7377.4707
d6474feb-d37a-405c-b16b-5e39138355d0;2018-02-20T02:00+0100;7376.3022
d6474feb-d37a-405c-b16b-5e39138355d0;2018-02-20T01:00+0100;7375.138
d6474feb-d37a-405c-b16b-5e39138355d0;2018-02-20T00:00+0100;7373.964
d6474feb-d37a-405c-b16b-5e39138355d0;2018-02-19T23:00+0100;7372.7095
d6474feb-d37a-405c-b16b-5e39138355d0;2018-02-19T22:00+0100;7371.284
d6474feb-d37a-405c-b16b-5e39138355d0;2018-02-19T21:00+0100;7369.625
d6474feb-d37a-405c-b16b-5e39138355d0;2018-02-19T20:00+0100;7367.528
d6474feb-d37a-405c-b16b-5e39138355d0;2018-02-19T19:00+0100;7364.1665
d6474feb-d37a-405c-b16b-5e39138355d0;2018-02-19T18:00+0100;7358.421
d6474feb-d37a-405c-b16b-5e39138355d0;2018-02-19T17:00+0100;7348.3374
d6474feb-d37a-405c-b16b-5e39138355d0;2018-02-19T16:00+0100;7334.4004
d6474feb-d37a-405c-b16b-5e39138355d0;2018-02-19T15:00+0100;7319.709
d6474feb-d37a-405c-b16b-5e39138355d0;2018-02-19T14:00+0100;7306.3115
d6474feb-d37a-405c-b16b-5e39138355d0;2018-02-19T13:00+0100;7289.9194
d6474feb-d37a-405c-b16b-5e39138355d0;2018-02-19T12:00+0100;7270.13
d6474feb-d37a-405c-b16b-5e39138355d0;2018-02-19T11:00+0100;7249.1396
d6474feb-d37a-405c-b16b-5e39138355d0;2018-02-19T10:00+0100;7227.854
d6474feb-d37a-405c-b16b-5e39138355d0;2018-02-19T09:00+0100;7207.259
d6474feb-d37a-405c-b16b-5e39138355d0;2018-02-19T08:00+0100;7193.69
d6474feb-d37a-405c-b16b-5e39138355d0;2018-02-19T07:00+0100;7190.407
d6474feb-d37a-405c-b16b-5e39138355d0;2018-02-19T06:00+0100;7189.104
d6474feb-d37a-405c-b16b-5e39138355d0;2018-02-19T05:00+0100;7187.967
d6474feb-d37a-405c-b16b-5e39138355d0;2018-02-19T04:00+0100;7186.8794
d6474feb-d37a-405c-b16b-5e39138355d0;2018-02-19T03:00+0100;7185.721
d6474feb-d37a-405c-b16b-5e39138355d0;2018-02-19T02:00+0100;7184.5537
d6474feb-d37a-405c-b16b-5e39138355d0;2018-02-19T01:00+0100;7183.3896
d6474feb-d37a-405c-b16b-5e39138355d0;2018-02-19T00:00+0100;7182.2104
d6474feb-d37a-405c-b16b-5e39138355d0;2018-02-18T23:00+0100;7180.9736
d6474feb-d37a-405c-b16b-5e39138355d0;2018-02-18T22:00+0100;7179.701
d6474feb-d37a-405c-b16b-5e39138355d0;2018-02-18T21:00+0100;7178.309
d6474feb-d37a-405c-b16b-5e39138355d0;2018-02-18T20:00+0100;7176.8667
d6474feb-d37a-405c-b16b-5e39138355d0;2018-02-18T19:00+0100;7175.324
d6474feb-d37a-405c-b16b-5e39138355d0;2018-02-18T18:00+0100;7173.8857
d6474feb-d37a-405c-b16b-5e39138355d0;2018-02-18T17:00+0100;7172.4717
d6474feb-d37a-405c-b16b-5e39138355d0;2018-02-18T16:00+0100;7171.0625
d6474feb-d37a-405c-b16b-5e39138355d0;2018-02-18T15:00+0100;7169.731
d6474feb-d37a-405c-b16b-5e39138355d0;2018-02-18T14:00+0100;7168.466
d6474feb-d37a-405c-b16b-5e39138355d0;2018-02-18T13:00+0100;7167.1323
d6474feb-d37a-405c-b16b-5e39138355d0;2018-02-18T12:00+0100;7165.7344
d6474feb-d37a-405c-b16b-5e39138355d0;2018-02-18T11:00+0100;7164.391
d6474feb-d37a-405c-b16b-5e39138355d0;2018-02-18T10:00+0100;7163.0596
d6474feb-d37a-405c-b16b-5e39138355d0;2018-02-18T09:00+0100;7161.7363
d6474feb-d37a-405c-b16b-5e39138355d0;2018-02-18T08:00+0100;7160.478
d6474feb-d37a-405c-b16b-5e39138355d0;2018-02-18T07:00+0100;7159.2275
d6474feb-d37a-405c-b16b-5e39138355d0;2018-02-18T06:00+0100;7157.997
d6474feb-d37a-405c-b16b-5e39138355d0;2018-02-18T05:00+0100;7156.8936
d6474feb-d37a-405c-b16b-5e39138355d0;2018-02-18T04:00+0100;7155.8154
d6474feb-d37a-405c-b16b-5e39138355d0;2018-02-18T03:00+0100;7154.7207
d6474feb-d37a-405c-b16b-5e39138355d0;2018-02-18T02:00+0100;7153.576
d6474feb-d37a-405c-b16b-5e39138355d0;2018-02-18T01:00+0100;7152.475
d6474feb-d37a-405c-b16b-5e39138355d0;2018-02-18T00:00+0100;7151.3096
d6474feb-d37a-405c-b16b-5e39138355d0;2018-02-17T23:00+0100;7150.0786
d6474feb-d37a-405c-b16b-5e39138355d0;2018-02-17T22:00+0100;7148.8857
d6474feb-d37a-405c-b16b-5e39138355d0;2018-02-17T21:00+0100;7147.5547
d6474feb-d37a-405c-b16b-5e39138355d0;2018-02-17T20:00+0100;7146.072
d6474feb-d37a-405c-b16b-5e39138355d0;2018-02-17T19:00+0100;7144.569
d6474feb-d37a-405c-b16b-5e39138355d0;2018-02-17T18:00+0100;7143.081
d6474feb-d37a-405c-b16b-5e39138355d0;2018-02-17T17:00+0100;7141.645
d6474feb-d37a-405c-b16b-5e39138355d0;2018-02-17T16:00+0100;7140.1562
d6474feb-d37a-405c-b16b-5e39138355d0;2018-02-17T15:00+0100;7138.654
d6474feb-d37a-405c-b16b-5e39138355d0;2018-02-17T14:00+0100;7137.0264
d6474feb-d37a-405c-b16b-5e39138355d0;2018-02-17T13:00+0100;7134.977
d6474feb-d37a-405c-b16b-5e39138355d0;2018-02-17T12:00+0100;7132.635
d6474feb-d37a-405c-b16b-5e39138355d0;2018-02-17T11:00+0100;7130.094
d6474feb-d37a-405c-b16b-5e39138355d0;2018-02-17T10:00+0100;7127.693
d6474feb-d37a-405c-b16b-5e39138355d0;2018-02-17T09:00+0100;7125.715
d6474feb-d37a-405c-b16b-5e39138355d0;2018-02-17T08:00+0100;7124.258
d6474feb-d37a-405c-b16b-5e39138355d0;2018-02-17T07:00+0100;7122.9946
d6474feb-d37a-405c-b16b-5e39138355d0;2018-02-17T06:00+0100;7121.766
d6474feb-d37a-405c-b16b-5e39138355d0;2018-02-17T05:00+0100;7120.663
d6474feb-d37a-405c-b16b-5e39138355d0;2018-02-17T04:00+0100;7119.585
d6474feb-d37a-405c-b16b-5e39138355d0;2018-02-17T03:00+0100;7118.4893
d6474feb-d37a-405c-b16b-5e39138355d0;2018-02-17T02:00+0100;7117.344
d6474feb-d37a-405c-b16b-5e39138355d0;2018-02-17T01:00+0100;7116.241
d6474feb-d37a-405c-b16b-5e39138355d0;2018-02-17T00:00+0100;7115.083
d6474feb-d37a-405c-b16b-5e39138355d0;2018-02-16T23:00+0100;7113.8286
d6474feb-d37a-405c-b16b-5e39138355d0;2018-02-16T22:00+0100;7112.4033
d6474feb-d37a-405c-b16b-5e39138355d0;2018-02-16T21:00+0100;7110.744
d6474feb-d37a-405c-b16b-5e39138355d0;2018-02-16T20:00+0100;7108.6475
d6474feb-d37a-405c-b16b-5e39138355d0;2018-02-16T19:00+0100;7105.286
d6474feb-d37a-405c-b16b-5e39138355d0;2018-02-16T18:00+0100;7099.5405
d6474feb-d37a-405c-b16b-5e39138355d0;2018-02-16T17:00+0100;7089.457
d6474feb-d37a-405c-b16b-5e39138355d0;2018-02-16T16:00+0100;7075.5195
d6474feb-d37a-405c-b16b-5e39138355d0;2018-02-16T15:00+0100;7060.8286
d6474feb-d37a-405c-b16b-5e39138355d0;2018-02-16T14:00+0100;7047.4307
d6474feb-d37a-405c-b16b-5e39138355d0;2018-02-16T13:00+0100;7031.0386
d6474feb-d37a-405c-b16b-5e39138355d0;2018-02-16T12:00+0100;7011.249
d6474feb-d37a-405c-b16b-5e39138355d0;2018-02-16T11:00+0100;6990.259
d6474feb-d37a-405c-b16b-5e39138355d0;2018-02-16T10:00+0100;6968.9736
d6474feb-d37a-405c-b16b-5e39138355d0;2018-02-16T09:00+0100;6948.378
d6474feb-d37a-405c-b16b-5e39138355d0;2018-02-16T08:00+0100;6934.8096
d6474feb-d37a-405c-b16b-5e39138355d0;2018-02-16T07:00+0100;6931.527
d6474feb-d37a-405c-b16b-5e39138355d0;2018-02-16T06:00+0100;6930.2236
d6474feb-d37a-405c-b16b-5e39138355d0;2018-02-16T05:00+0100;6929.086
d6474feb-d37a-405c-b16b-5e39138355d0;2018-02-16T04:00+0100;6927.999
d6474feb-d37a-405c-b16b-5e39138355d0;2018-02-16T03:00+0100;6926.8403
d6474feb-d37a-405c-b16b-5e39138355d0;2018-02-16T02:00+0100;6925.673
d6474feb-d37a-405c-b16b-5e39138355d0;2018-02-16T01:00+0100;6924.509
d6474feb-d37a-405c-b16b-5e39138355d0;2018-02-16T00:00+0100;6923.3345
d6474feb-d37a-405c-b16b-5e39138355d0;2018-02-15T23:00+0100;6922.08
d6474feb-d37a-405c-b16b-5e39138355d0;2018-02-15T22:00+0100;6920.655
d6474feb-d37a-405c-b16b-5e39138355d0;2018-02-15T21:00+0100;6918.9956
d6474feb-d37a-405c-b16b-5e39138355d0;2018-02-15T20:00+0100;6916.899
d6474feb-d37a-405c-b16b-5e39138355d0;2018-02-15T19:00+0100;6913.5376
d6474feb-d37a-405c-b16b-5e39138355d0;2018-02-15T18:00+0100;6907.792
d6474feb-d37a-405c-b16b-5e39138355d0;2018-02-15T17:00+0100;6897.7085
d6474feb-d37a-405c-b16b-5e39138355d0;2018-02-15T16:00+0100;6883.771
d6474feb-d37a-405c-b16b-5e39138355d0;2018-02-15T15:00+0100;6869.08
d6474feb-d37a-405c-b16b-5e39138355d0;2018-02-15T14:00+0100;6855.6816
d6474feb-d37a-405c-b16b-5e39138355d0;2018-02-15T13:00+0100;6839.2905
d6474feb-d37a-405c-b16b-5e39138355d0;2018-02-15T12:00+0100;6819.5
d6474feb-d37a-405c-b16b-5e39138355d0;2018-02-15T11:00+0100;6798.5103
d6474feb-d37a-405c-b16b-5e39138355d0;2018-02-15T10:00+0100;6777.225
d6474feb-d37a-405c-b16b-5e39138355d0;2018-02-15T09:00+0100;6756.6294
d6474feb-d37a-405c-b16b-5e39138355d0;2018-02-15T08:00+0100;6743.061
d6474feb-d37a-405c-b16b-5e39138355d0;2018-02-15T07:00+0100;6739.778
d6474feb-d37a-405c-b16b-5e39138355d0;2018-02-15T06:00+0100;6738.4746
d6474feb-d37a-405c-b16b-5e39138355d0;2018-02-15T05:00+0100;6737.338
d6474feb-d37a-405c-b16b-5e39138355d0;2018-02-15T04:00+0100;6736.25
d6474feb-d37a-405c-b16b-5e39138355d0;2018-02-15T03:00+0100;6735.0923
d6474feb-d37a-405c-b16b-5e39138355d0;2018-02-15T02:00+0100;6733.9243
d6474feb-d37a-405c-b16b-5e39138355d0;2018-02-15T01:00+0100;6732.76
d6474feb-d37a-405c-b16b-5e39138355d0;2018-02-15T00:00+0100;6731.586
d6474feb-d37a-405c-b16b-5e39138355d0;2018-02-14T23:00+0100;6730.331
d6474feb-d37a-405c-b16b-5e39138355d0;2018-02-14T22:00+0100;6728.9062
d6474feb-d37a-405c-b16b-5e39138355d0;2018-02-14T21:00+0100;6727.247
d6474feb-d37a-405c-b16b-5e39138355d0;2018-02-14T20:00+0100;6725.1504
d6474feb-d37a-405c-b16b-5e39138355d0;2018-02-14T19:00+0100;6721.7886
d6474feb-d37a-405c-b16b-5e39138355d0;2018-02-14T18:00+0100;6716.043
d6474feb-d37a-405c-b16b-5e39138355d0;2018-02-14T17:00+0100;6705.96
d6474feb-d37a-405c-b16b-5e39138355d0;2018-02-14T16:00+0100;6692.0225
d6474feb-d37a-405c-b16b-5e39138355d0;2018-02-14T15:00+0100;6677.331
d6474feb-d37a-405c-b16b-5e39138355d0;2018-02-14T14:00+0100;6663.933
d6474feb-d37a-405c-b16b-5e39138355d0;2018-02-14T13:00+0100;6647.542
d6474feb-d37a-405c-b16b-5e39138355d0;2018-02-14T12:00+0100;6627.752
d6474feb-d37a-405c-b16b-5e39138355d0;2018-02-14T11:00+0100;6606.761
d6474feb-d37a-405c-b16b-5e39138355d0;2018-02-14T10:00+0100;6585.4766
d6474feb-d37a-405c-b16b-5e39138355d0;2018-02-14T09:00+0100;6564.881
d6474feb-d37a-405c-b16b-5e39138355d0;2018-02-14T08:00+0100;6551.3125
d6474feb-d37a-405c-b16b-5e39138355d0;2018-02-14T07:00+0100;6548.0293
d6474feb-d37a-405c-b16b-5e39138355d0;2018-02-14T06:00+0100;6546.7266
d6474feb-d37a-405c-b16b-5e39138355d0;2018-02-14T05:00+0100;6545.5884
d6474feb-d37a-405c-b16b-5e39138355d0;2018-02-14T04:00+0100;6544.5015
d6474feb-d37a-405c-b16b-5e39138355d0;2018-02-14T03:00+0100;6543.3438
d6474feb-d37a-405c-b16b-5e39138355d0;2018-02-14T02:00+0100;6542.176
d6474feb-d37a-405c-b16b-5e39138355d0;2018-02-14T01:00+0100;6541.011
d6474feb-d37a-405c-b16b-5e39138355d0;2018-02-14T00:00+0100;6539.837
d6474feb-d37a-405c-b16b-5e39138355d0;2018-02-13T23:00+0100;6538.5825
d6474feb-d37a-405c-b16b-5e39138355d0;2018-02-13T22:00+0100;6537.157
d6474feb-d37a-405c-b16b-5e39138355d0;2018-02-13T21:00+0100;6535.498
d6474feb-d37a-405c-b16b-5e39138355d0;2018-02-13T20:00+0100;6533.4014
d6474feb-d37a-405c-b16b-5e39138355d0;2018-02-13T19:00+0100;6530.04
d6474feb-d37a-405c-b16b-5e39138355d0;2018-02-13T18:00+0100;6524.2944
d6474feb-d37a-405c-b16b-5e39138355d0;2018-02-13T17:00+0100;6514.211
d6474feb-d37a-405c-b16b-5e39138355d0;2018-02-13T16:00+0100;6500.2734
d6474feb-d37a-405c-b16b-5e39138355d0;2018-02-13T15:00+0100;6485.5825
d6474feb-d37a-405c-b16b-5e39138355d0;2018-02-13T14:00+0100;6472.1846
d6474feb-d37a-405c-b16b-5e39138355d0;2018-02-13T13:00+0100;6455.7925
d6474feb-d37a-405c-b16b-5e39138355d0;2018-02-13T12:00+0100;6436.003
d6474feb-d37a-405c-b16b-5e39138355d0;2018-02-13T11:00+0100;6415.0127
d6474feb-d37a-405c-b16b-5e39138355d0;2018-02-13T10:00+0100;6393.7275
d6474feb-d37a-405c-b16b-5e39138355d0;2018-02-13T09:00+0100;6373.132
d6474feb-d37a-405c-b16b-5e39138355d0;2018-02-13T08:00+0100;6359.5635
d6474feb-d37a-405c-b16b-5e39138355d0;2018-02-13T07:00+0100;6356.281
d6474feb-d37a-405c-b16b-5e39138355d0;2018-02-13T06:00+0100;6354.9775
d6474feb-d37a-405c-b16b-5e39138355d0;2018-02-13T05:00+0100;6353.84
d6474feb-d37a-405c-b16b-5e39138355d0;2018-02-13T04:00+0100;6352.753
d6474feb-d37a-405c-b16b-5e39138355d0;2018-02-13T03:00+0100;6351.594
d6474feb-d37a-405c-b16b-5e39138355d0;2018-02-13T02:00+0100;6350.427
d6474feb-d37a-405c-b16b-5e39138355d0;2018-02-13T01:00+0100;6349.2627
d6474feb-d37a-405c-b16b-5e39138355d0;2018-02-13T00:00+0100;6348.0884
d6474feb-d37a-405c-b16b-5e39138355d0;2018-02-12T23:00+0100;6346.834
d6474feb-d37a-405c-b16b-5e39138355d0;2018-02-12T22:00+0100;6345.4087
d6474feb-d37a-405c-b16b-5e39138355d0;2018-02-12T21:00+0100;6343.7495
d6474feb-d37a-405c-b16b-5e39138355d0;2018-02-12T20:00+0100;6341.653
d6474feb-d37a-405c-b16b-5e39138355d0;2018-02-12T19:00+0100;6338.2915
d6474feb-d37a-405c-b16b-5e39138355d0;2018-02-12T18:00+0100;6332.546
d6474feb-d37a-405c-b16b-5e39138355d0;2018-02-12T17:00+0100;6322.4624
d6474feb-d37a-405c-b16b-5e39138355d0;2018-02-12T16:00+0100;6308.5244
d6474feb-d37a-405c-b16b-5e39138355d0;2018-02-12T15:00+0100;6293.834
d6474feb-d37a-405c-b16b-5e39138355d0;2018-02-12T14:00+0100;6280.4355
d6474feb-d37a-405c-b16b-5e39138355d0;2018-02-12T13:00+0100;6264.0444
d6474feb-d37a-405c-b16b-5e39138355d0;2018-02-12T12:00+0100;6244.254
d6474feb-d37a-405c-b16b-5e39138355d0;2018-02-12T11:00+0100;6223.264
d6474feb-d37a-405c-b16b-5e39138355d0;2018-02-12T10:00+0100;6201.979
d6474feb-d37a-405c-b16b-5e39138355d0;2018-02-12T09:00+0100;6181.3833
d6474feb-d37a-405c-b16b-5e39138355d0;2018-02-12T08:00+0100;6167.815
d6474feb-d37a-405c-b16b-5e39138355d0;2018-02-12T07:00+0100;6164.5317
d6474feb-d37a-405c-b16b-5e39138355d0;2018-02-12T06:00+0100;6163.2285
d6474feb-d37a-405c-b16b-5e39138355d0;2018-02-12T05:00+0100;6162.091
d6474feb-d37a-405c-b16b-5e39138355d0;2018-02-12T04:00+0100;6161.004
d6474feb-d37a-405c-b16b-5e39138355d0;2018-02-12T03:00+0100;6159.846
d6474feb-d37a-405c-b16b-5e39138355d0;2018-02-12T02:00+0100;6158.678
d6474feb-d37a-405c-b16b-5e39138355d0;2018-02-12T01:00+0100;6157.5137
d6474feb-d37a-405c-b16b-5e39138355d0;2018-02-12T00:00+0100;6156.3354
d6474feb-d37a-405c-b16b-5e39138355d0;2018-02-11T23:00+0100;6155.098
d6474feb-d37a-405c-b16b-5e39138355d0;2018-02-11T22:00+0100;6153.8257
d6474feb-d37a-405c-b16b-5e39138355d0;2018-02-11T21:00+0100;6152.4336
d6474feb-d37a-405c-b16b-5e39138355d0;2018-02-11T20:00+0100;6150.9917
d6474feb-d37a-405c-b16b-5e39138355d0;2018-02-11T19:00+0100;6149.449
d6474feb-d37a-405c-b16b-5e39138355d0;2018-02-11T18:00+0100;6148.0103
d6474feb-d37a-405c-b16b-5e39138355d0;2018-02-11T17:00+0100;6146.5967
d6474feb-d37a-405c-b16b-5e39138355d0;2018-02-11T16:00+0100;6145.1865
d6474feb-d37a-405c-b16b-5e39138355d0;2018-02-11T15:00+0100;6143.856
d6474feb-d37a-405c-b16b-5e39138355d0;2018-02-11T14:00+0100;6142.591
d6474feb-d37a-405c-b16b-5e39138355d0;2018-02-11T13:00+0100;6141.2573
d6474feb-d37a-405c-b16b-5e39138355d0;2018-02-11T12:00+0100;6139.8584
d6474feb-d37a-405c-b16b-5e39138355d0;2018-02-11T11:00+0100;6138.5156
d6474feb-d37a-405c-b16b-5e39138355d0;2018-02-11T10:00+0100;6137.1836
d6474feb-d37a-405c-b16b-5e39138355d0;2018-02-11T09:00+0100;6135.861
d6474feb-d37a-405c-b16b-5e39138355d0;2018-02-11T08:00+0100;6134.6025
d6474feb-d37a-405c-b16b-5e39138355d0;2018-02-11T07:00+0100;6133.352
d6474feb-d37a-405c-b16b-5e39138355d0;2018-02-11T06:00+0100;6132.1216
d6474feb-d37a-405c-b16b-5e39138355d0;2018-02-11T05:00+0100;6131.018
d6474feb-d37a-405c-b16b-5e39138355d0;2018-02-11T04:00+0100;6129.9404
d6474feb-d37a-405c-b16b-5e39138355d0;2018-02-11T03:00+0100;6128.845
d6474feb-d37a-405c-b16b-5e39138355d0;2018-02-11T02:00+0100;6127.7007
d6474feb-d37a-405c-b16b-5e39138355d0;2018-02-11T01:00+0100;6126.6
d6474feb-d37a-405c-b16b-5e39138355d0;2018-02-11T00:00+0100;6125.4336
d6474feb-d37a-405c-b16b-5e39138355d0;2018-02-10T23:00+0100;6124.2036
d6474feb-d37a-405c-b16b-5e39138355d0;2018-02-10T22:00+0100;6123.01
d6474feb-d37a-405c-b16b-5e39138355d0;2018-02-10T21:00+0100;6121.6797
d6474feb-d37a-405c-b16b-5e39138355d0;2018-02-10T20:00+0100;6120.1963
d6474feb-d37a-405c-b16b-5e39138355d0;2018-02-10T19:00+0100;6118.6934
d6474feb-d37a-405c-b16b-5e39138355d0;2018-02-10T18:00+0100;6117.206
d6474feb-d37a-405c-b16b-5e39138355d0;2018-02-10T17:00+0100;6115.77
d6474feb-d37a-405c-b16b-5e39138355d0;2018-02-10T16:00+0100;6114.281
d6474feb-d37a-405c-b16b-5e39138355d0;2018-02-10T15:00+0100;6112.7783
d6474feb-d37a-405c-b16b-5e39138355d0;2018-02-10T14:00+0100;6111.151
d6474feb-d37a-405c-b16b-5e39138355d0;2018-02-10T13:00+0100;6109.102
d6474feb-d37a-405c-b16b-5e39138355d0;2018-02-10T12:00+0100;6106.76
d6474feb-d37a-405c-b16b-5e39138355d0;2018-02-10T11:00+0100;6104.2188
d6474feb-d37a-405c-b16b-5e39138355d0;2018-02-10T10:00+0100;6101.8174
d6474feb-d37a-405c-b16b-5e39138355d0;2018-02-10T09:00+0100;6099.839
d6474feb-d37a-405c-b16b-5e39138355d0;2018-02-10T08:00+0100;6098.382
d6474feb-d37a-405c-b16b-5e39138355d0;2018-02-10T07:00+0100;6097.1196
d6474feb-d37a-405c-b16b-5e39138355d0;2018-02-10T06:00+0100;6095.891
d6474feb-d37a-405c-b16b-5e39138355d0;2018-02-10T05:00+0100;6094.7876
d6474feb-d37a-405c-b16b-5e39138355d0;2018-02-10T04:00+0100;6093.709
d6474feb-d37a-405c-b16b-5e39138355d0;2018-02-10T03:00+0100;6092.6143
d6474feb-d37a-405c-b16b-5e39138355d0;2018-02-10T02:00+0100;6091.4688
d6474feb-d37a-405c-b16b-5e39138355d0;2018-02-10T01:00+0100;6090.3657
d6474feb-d37a-405c-b16b-5e39138355d0;2018-02-10T00:00+0100;6089.2075
d6474feb-d37a-405c-b16b-5e39138355d0;2018-02-09T23:00+0100;6087.9536
d6474feb-d37a-405c-b16b-5e39138355d0;2018-02-09T22:00+0100;6086.528
d6474feb-d37a-405c-b16b-5e39138355d0;2018-02-09T21:00+0100;6084.869
d6474feb-d37a-405c-b16b-5e39138355d0;2018-02-09T20:00+0100;6082.7725
d6474feb-d37a-405c-b16b-5e39138355d0;2018-02-09T19:00+0100;6079.4106
d6474feb-d37a-405c-b16b-5e39138355d0;2018-02-09T18:00+0100;6073.665
d6474feb-d37a-405c-b16b-5e39138355d0;2018-02-09T17:00+0100;6063.5815
d6474feb-d37a-405c-b16b-5e39138355d0;2018-02-09T16:00+0100;6049.6445
d6474feb-d37a-405c-b16b-5e39138355d0;2018-02-09T15:00+0100;6034.953
d6474feb-d37a-405c-b16b-5e39138355d0;2018-02-09T14:00+0100;6021.5557
d6474feb-d37a-405c-b16b-5e39138355d0;2018-02-09T13:00+0100;6005.163
d6474feb-d37a-405c-b16b-5e39138355d0;2018-02-09T12:00+0100;5985.3735
d6474feb-d37a-405c-b16b-5e39138355d0;2018-02-09T11:00+0100;5964.384
d6474feb-d37a-405c-b16b-5e39138355d0;2018-02-09T10:00+0100;5943.098
d6474feb-d37a-405c-b16b-5e39138355d0;2018-02-09T09:00+0100;5922.503
d6474feb-d37a-405c-b16b-5e39138355d0;2018-02-09T08:00+0100;5908.934
d6474feb-d37a-405c-b16b-5e39138355d0;2018-02-09T07:00+0100;5905.6514
d6474feb-d37a-405c-b16b-5e39138355d0;2018-02-09T06:00+0100;5904.348
d6474feb-d37a-405c-b16b-5e39138355d0;2018-02-09T05:00+0100;5903.211
d6474feb-d37a-405c-b16b-5e39138355d0;2018-02-09T04:00+0100;5902.123
d6474feb-d37a-405c-b16b-5e39138355d0;2018-02-09T03:00+0100;5900.9653
d6474feb-d37a-405c-b16b-5e39138355d0;2018-02-09T02:00+0100;5899.7974
d6474feb-d37a-405c-b16b-5e39138355d0;2018-02-09T01:00+0100;5898.6333
d6474feb-d37a-405c-b16b-5e39138355d0;2018-02-09T00:00+0100;5897.459
d6474feb-d37a-405c-b16b-5e39138355d0;2018-02-08T23:00+0100;5896.205
d6474feb-d37a-405c-b16b-5e39138355d0;2018-02-08T22:00+0100;5894.7793
d6474feb-d37a-405c-b16b-5e39138355d0;2018-02-08T21:00+0100;5893.12
d6474feb-d37a-405c-b16b-5e39138355d0;2018-02-08T20:00+0100;5891.0234
d6474feb-d37a-405c-b16b-5e39138355d0;2018-02-08T19:00+0100;5887.662
d6474feb-d37a-405c-b16b-5e39138355d0;2018-02-08T18:00+0100;5881.916
d6474feb-d37a-405c-b16b-5e39138355d0;2018-02-08T17:00+0100;5871.833
d6474feb-d37a-405c-b16b-5e39138355d0;2018-02-08T16:00+0100;5857.8955
d6474feb-d37a-405c-b16b-5e39138355d0;2018-02-08T15:00+0100;5843.204
d6474feb-d37a-405c-b16b-5e39138355d0;2018-02-08T14:00+0100;5829.806
d6474feb-d37a-405c-b16b-5e39138355d0;2018-02-08T13:00+0100;5813.415
d6474feb-d37a-405c-b16b-5e39138355d0;2018-02-08T12:00+0100;5793.6245
d6474feb-d37a-405c-b16b-5e39138355d0;2018-02-08T11:00+0100;5772.635
d6474feb-d37a-405c-b16b-5e39138355d0;2018-02-08T10:00+0100;5751.3496
d6474feb-d37a-405c-b16b-5e39138355d0;2018-02-08T09:00+0100;5730.7544
d6474feb-d37a-405c-b16b-5e39138355d0;2018-02-08T08:00+0100;5717.1855
d6474feb-d37a-405c-b16b-5e39138355d0;2018-02-08T07:00+0100;5713.9023
d6474feb-d37a-405c-b16b-5e39138355d0;2018-02-08T06:00+0100;5712.5996
d6474feb-d37a-405c-b16b-5e39138355d0;2018-02-08T05:00+0100;5711.4614
d6474feb-d37a-405c-b16b-5e39138355d0;2018-02-08T04:00+0100;5710.3745
d6474feb-d37a-405c-b16b-5e39138355d0;2018-02-08T03:00+0100;5709.217
d6474feb-d37a-405c-b16b-5e39138355d0;2018-02-08T02:00+0100;5708.0493
d6474feb-d37a-405c-b16b-5e39138355d0;2018-02-08T01:00+0100;5706.885
d6474feb-d37a-405c-b16b-5e39138355d0;2018-02-08T00:00+0100;5705.7104
d6474feb-d37a-405c-b16b-5e39138355d0;2018-02-07T23:00+0100;5704.456
d6474feb-d37a-405c-b16b-5e39138355d0;2018-02-07T22:00+0100;5703.0303
d6474feb-d37a-405c-b16b-5e39138355d0;2018-02-07T21:00+0100;5701.372
d6474feb-d37a-405c-b16b-5e39138355d0;2018-02-07T20:00+0100;5699.2754
d6474feb-d37a-405c-b16b-5e39138355d0;2018-02-07T19:00+0100;5695.913
d6474feb-d37a-405c-b16b-5e39138355d0;2018-02-07T18:00+0100;5690.1675
d6474feb-d37a-405c-b16b-5e39138355d0;2018-02-07T17:00+0100;5680.084
d6474feb-d37a-405c-b16b-5e39138355d0;2018-02-07T16:00+0100;5666.147
d6474feb-d37a-405c-b16b-5e39138355d0;2018-02-07T15:00+0100;5651.4556
d6474feb-d37a-405c-b16b-5e39138355d0;2018-02-07T14:00+0100;5638.058
d6474feb-d37a-405c-b16b-5e39138355d0;2018-02-07T13:00+0100;5621.6655
d6474feb-d37a-405c-b16b-5e39138355d0;2018-02-07T12:00+0100;5601.876
d6474feb-d37a-405c-b16b-5e39138355d0;2018-02-07T11:00+0100;5580.8857
d6474feb-d37a-405c-b16b-5e39138355d0;2018-02-07T10:00+0100;5559.6016
d6474feb-d37a-405c-b16b-5e39138355d0;2018-02-07T09:00+0100;5539.006
d6474feb-d37a-405c-b16b-5e39138355d0;2018-02-07T08:00+0100;5525.4365
d6474feb-d37a-405c-b16b-5e39138355d0;2018-02-07T07:00+0100;5522.1543
d6474feb-d37a-405c-b16b-5e39138355d0;2018-02-07T06:00+0100;5520.8506
d6474feb-d37a-405c-b16b-5e39138355d0;2018-02-07T05:00+0100;5519.713
d6474feb-d37a-405c-b16b-5e39138355d0;2018-02-07T04:00+0100;5518.6265
d6474feb-d37a-405c-b16b-5e39138355d0;2018-02-07T03:00+0100;5517.468
d6474feb-d37a-405c-b16b-5e39138355d0;2018-02-07T02:00+0100;5516.301
d6474feb-d37a-405c-b16b-5e39138355d0;2018-02-07T01:00+0100;5515.136
d6474feb-d37a-405c-b16b-5e39138355d0;2018-02-07T00:00+0100;5513.9614
d6474feb-d37a-405c-b16b-5e39138355d0;2018-02-06T23:00+0100;5512.7075
d6474feb-d37a-405c-b16b-5e39138355d0;2018-02-06T22:00+0100;5511.2817
d6474feb-d37a-405c-b16b-5e39138355d0;2018-02-06T21:00+0100;5509.623
d6474feb-d37a-405c-b16b-5e39138355d0;2018-02-06T20:00+0100;5507.5264
d6474feb-d37a-405c-b16b-5e39138355d0;2018-02-06T19:00+0100;5504.1646
d6474feb-d37a-405c-b16b-5e39138355d0;2018-02-06T18:00+0100;5498.419
d6474feb-d37a-405c-b16b-5e39138355d0;2018-02-06T17:00+0100;5488.3354
d6474feb-d37a-405c-b16b-5e39138355d0;2018-02-06T16:00+0100;5474.3984
d6474feb-d37a-405c-b16b-5e39138355d0;2018-02-06T15:00+0100;5459.707
d6474feb-d37a-405c-b16b-5e39138355d0;2018-02-06T14:00+0100;5446.3086
d6474feb-d37a-405c-b16b-5e39138355d0;2018-02-06T13:00+0100;5429.917
d6474feb-d37a-405c-b16b-5e39138355d0;2018-02-06T12:00+0100;5410.1274
d6474feb-d37a-405c-b16b-5e39138355d0;2018-02-06T11:00+0100;5389.1377
d6474feb-d37a-405c-b16b-5e39138355d0;2018-02-06T10:00+0100;5367.852
d6474feb-d37a-405c-b16b-5e39138355d0;2018-02-06T09:00+0100;5347.257
d6474feb-d37a-405c-b16b-5e39138355d0;2018-02-06T08:00+0100;5333.688
d6474feb-d37a-405c-b16b-5e39138355d0;2018-02-06T07:00+0100;5330.4053
d6474feb-d37a-405c-b16b-5e39138355d0;2018-02-06T06:00+0100;5329.102
d6474feb-d37a-405c-b16b-5e39138355d0;2018-02-06T05:00+0100;5327.965
d6474feb-d37a-405c-b16b-5e39138355d0;2018-02-06T04:00+0100;5326.877
d6474feb-d37a-405c-b16b-5e39138355d0;2018-02-06T03:00+0100;5325.719
d6474feb-d37a-405c-b16b-5e39138355d0;2018-02-06T02:00+0100;5324.5513
d6474feb-d37a-405c-b16b-5e39138355d0;2018-02-06T01:00+0100;5323.387
d6474feb-d37a-405c-b16b-5e39138355d0;2018-02-06T00:00+0100;5322.213
d6474feb-d37a-405c-b16b-5e39138355d0;2018-02-05T23:00+0100;5320.9585
d6474feb-d37a-405c-b16b-5e39138355d0;2018-02-05T22:00+0100;5319.533
d6474feb-d37a-405c-b16b-5e39138355d0;2018-02-05T21:00+0100;5317.874
d6474feb-d37a-405c-b16b-5e39138355d0;2018-02-05T20:00+0100;5315.7773
d6474feb-d37a-405c-b16b-5e39138355d0;2018-02-05T19:00+0100;5312.416
d6474feb-d37a-405c-b16b-5e39138355d0;2018-02-05T18:00+0100;5306.67
d6474feb-d37a-405c-b16b-5e39138355d0;2018-02-05T17:00+0100;5296.587
d6474feb-d37a-405c-b16b-5e39138355d0;2018-02-05T16:00+0100;5282.6494
d6474feb-d37a-405c-b16b-5e39138355d0;2018-02-05T15:00+0100;5267.958
d6474feb-d37a-405c-b16b-5e39138355d0;2018-02-05T14:00+0100;5254.56
d6474feb-d37a-405c-b16b-5e39138355d0;2018-02-05T13:00+0100;5238.169
d6474feb-d37a-405c-b16b-5e39138355d0;2018-02-05T12:00+0100;5218.379
d6474feb-d37a-405c-b16b-5e39138355d0;2018-02-05T11:00+0100;5197.3887
d6474feb-d37a-405c-b16b-5e39138355d0;2018-02-05T10:00+0100;5176.1035
d6474feb-d37a-405c-b16b-5e39138355d0;2018-02-05T09:00+0100;5155.5083
d6474feb-d37a-405c-b16b-5e39138355d0;2018-02-05T08:00+0100;5141.9395
d6474feb-d37a-405c-b16b-5e39138355d0;2018-02-05T07:00+0100;5138.6562
d6474feb-d37a-405c-b16b-5e39138355d0;2018-02-05T06:00+0100;5137.3535
d6474feb-d37a-405c-b16b-5e39138355d0;2018-02-05T05:00+0100;5136.2153
d6474feb-d37a-405c-b16b-5e39138355d0;2018-02-05T04:00+0100;5135.1284
d6474feb-d37a-405c-b16b-5e39138355d0;2018-02-05T03:00+0100;5133.9707
d6474feb-d37a-405c-b16b-5e39138355d0;2018-02-05T02:00+0100;5132.803
d6474feb-d37a-405c-b16b-5e39138355d0;2018-02-05T01:00+0100;5131.6387
d6474feb-d37a-405c-b16b-5e39138355d0;2018-02-05T00:00+0100;5130.4595
d6474feb-d37a-405c-b16b-5e39138355d0;2018-02-04T23:00+0100;5129.2227
d6474feb-d37a-405c-b16b-5e39138355d0;2018-02-04T22:00+0100;5127.95
d6474feb-d37a-405c-b16b-5e39138355d0;2018-02-04T21:00+0100;5126.5586
d6474feb-d37a-405c-b16b-5e39138355d0;2018-02-04T20:00+0100;5125.116
d6474feb-d37a-405c-b16b-5e39138355d0;2018-02-04T19:00+0100;5123.573
d6474feb-d37a-405c-b16b-5e39138355d0;2018-02-04T18:00+0100;5122.135
d6474feb-d37a-405c-b16b-5e39138355d0;2018-02-04T17:00+0100;5120.721
d6474feb-d37a-405c-b16b-5e39138355d0;2018-02-04T16:00+0100;5119.3115
d6474feb-d37a-405c-b16b-5e39138355d0;2018-02-04T15:00+0100;5117.9805
d6474feb-d37a-405c-b16b-5e39138355d0;2018-02-04T14:00+0100;5116.715
d6474feb-d37a-405c-b16b-5e39138355d0;2018-02-04T13:00+0100;5115.382
d6474feb-d37a-405c-b16b-5e39138355d0;2018-02-04T12:00+0100;5113.9834
d6474feb-d37a-405c-b16b-5e39138355d0;2018-02-04T11:00+0100;5112.6406
d6474feb-d37a-405c-b16b-5e39138355d0;2018-02-04T10:00+0100;5111.3086
d6474feb-d37a-405c-b16b-5e39138355d0;2018-02-04T09:00+0100;5109.9854
d6474feb-d37a-405c-b16b-5e39138355d0;2018-02-04T08:00+0100;5108.7275
d6474feb-d37a-405c-b16b-5e39138355d0;2018-02-04T07:00+0100;5107.4766
d6474feb-d37a-405c-b16b-5e39138355d0;2018-02-04T06:00+0100;5106.246
d6474feb-d37a-405c-b16b-5e39138355d0;2018-02-04T05:00+0100;5105.143
d6474feb-d37a-405c-b16b-5e39138355d0;2018-02-04T04:00+0100;5104.065
d6474feb-d37a-405c-b16b-5e39138355d0;2018-02-04T03:00+0100;5102.9697
d6474feb-d37a-405c-b16b-5e39138355d0;2018-02-04T02:00+0100;5101.825
d6474feb-d37a-405c-b16b-5e39138355d0;2018-02-04T01:00+0100;5100.7246
d6474feb-d37a-405c-b16b-5e39138355d0;2018-02-04T00:00+0100;5099.5586
d6474feb-d37a-405c-b16b-5e39138355d0;2018-02-03T23:00+0100;5098.328
d6474feb-d37a-405c-b16b-5e39138355d0;2018-02-03T22:00+0100;5097.135
d6474feb-d37a-405c-b16b-5e39138355d0;2018-02-03T21:00+0100;5095.8037
d6474feb-d37a-405c-b16b-5e39138355d0;2018-02-03T20:00+0100;5094.3213
d6474feb-d37a-405c-b16b-5e39138355d0;2018-02-03T19:00+0100;5092.818
d6474feb-d37a-405c-b16b-5e39138355d0;2018-02-03T18:00+0100;5091.33
d6474feb-d37a-405c-b16b-5e39138355d0;2018-02-03T17:00+0100;5089.8945
d6474feb-d37a-405c-b16b-5e39138355d0;2018-02-03T16:00+0100;5088.4053
d6474feb-d37a-405c-b16b-5e39138355d0;2018-02-03T15:00+0100;5086.903
d6474feb-d37a-405c-b16b-5e39138355d0;2018-02-03T14:00+0100;5085.2754
d6474feb-d37a-405c-b16b-5e39138355d0;2018-02-03T13:00+0100;5083.2266
d6474feb-d37a-405c-b16b-5e39138355d0;2018-02-03T12:00+0100;5080.884
d6474feb-d37a-405c-b16b-5e39138355d0;2018-02-03T11:00+0100;5078.3438
d6474feb-d37a-405c-b16b-5e39138355d0;2018-02-03T10:00+0100;5075.9424
d6474feb-d37a-405c-b16b-5e39138355d0;2018-02-03T09:00+0100;5073.964
d6474feb-d37a-405c-b16b-5e39138355d0;2018-02-03T08:00+0100;5072.507
d6474feb-d37a-405c-b16b-5e39138355d0;2018-02-03T07:00+0100;5071.244
d6474feb-d37a-405c-b16b-5e39138355d0;2018-02-03T06:00+0100;5070.0156
d6474feb-d37a-405c-b16b-5e39138355d0;2018-02-03T05:00+0100;5068.912
d6474feb-d37a-405c-b16b-5e39138355d0;2018-02-03T04:00+0100;5067.834
d6474feb-d37a-405c-b16b-5e39138355d0;2018-02-03T03:00+0100;5066.7383
d6474feb-d37a-405c-b16b-5e39138355d0;2018-02-03T02:00+0100;5065.5933
d6474feb-d37a-405c-b16b-5e39138355d0;2018-02-03T01:00+0100;5064.4907
d6474feb-d37a-405c-b16b-5e39138355d0;2018-02-03T00:00+0100;5063.3325
d6474feb-d37a-405c-b16b-5e39138355d0;2018-02-02T23:00+0100;5062.078
d6474feb-d37a-405c-b16b-5e39138355d0;2018-02-02T22:00+0100;5060.6523
d6474feb-d37a-405c-b16b-5e39138355d0;2018-02-02T21:00+0100;5058.9937
d6474feb-d37a-405c-b16b-5e39138355d0;2018-02-02T20:00+0100;5056.897
d6474feb-d37a-405c-b16b-5e39138355d0;2018-02-02T19:00+0100;5053.535
d6474feb-d37a-405c-b16b-5e39138355d0;2018-02-02T18:00+0100;5047.7896
d6474feb-d37a-405c-b16b-5e39138355d0;2018-02-02T17:00+0100;5037.7065
d6474feb-d37a-405c-b16b-5e39138355d0;2018-02-02T16:00+0100;5023.769
d6474feb-d37a-405c-b16b-5e39138355d0;2018-02-02T15:00+0100;5009.0776
d6474feb-d37a-405c-b16b-5e39138355d0;2018-02-02T14:00+0100;4995.6797
d6474feb-d37a-405c-b16b-5e39138355d0;2018-02-02T13:00+0100;4979.288
d6474feb-d37a-405c-b16b-5e39138355d0;2018-02-02T12:00+0100;4959.498
d6474feb-d37a-405c-b16b-5e39138355d0;2018-02-02T11:00+0100;4938.508
d6474feb-d37a-405c-b16b-5e39138355d0;2018-02-02T10:00+0100;4917.2227
d6474feb-d37a-405c-b16b-5e39138355d0;2018-02-02T09:00+0100;4896.6274
d6474feb-d37a-405c-b16b-5e39138355d0;2018-02-02T08:00+0100;4883.0586
d6474feb-d37a-405c-b16b-5e39138355d0;2018-02-02T07:00+0100;4879.776
d6474feb-d37a-405c-b16b-5e39138355d0;2018-02-02T06:00+0100;4878.4727
d6474feb-d37a-405c-b16b-5e39138355d0;2018-02-02T05:00+0100;4877.335
d6474feb-d37a-405c-b16b-5e39138355d0;2018-02-02T04:00+0100;4876.248
d6474feb-d37a-405c-b16b-5e39138355d0;2018-02-02T03:00+0100;4875.09
d6474feb-d37a-405c-b16b-5e39138355d0;2018-02-02T02:00+0100;4873.9224
d6474feb-d37a-405c-b16b-5e39138355d0;2018-02-02T01:00+0100;4872.758
d6474feb-d37a-405c-b16b-5e39138355d0;2018-02-02T00:00+0100;4871.584
d6474feb-d37a-405c-b16b-5e39138355d0;2018-02-01T23:00+0100;4870.329
d6474feb-d37a-405c-b16b-5e39138355d0;2018-02-01T22:00+0100;4868.9033
d6474feb-d37a-405c-b16b-5e39138355d0;2018-02-01T21:00+0100;4867.245
d6474feb-d37a-405c-b16b-5e39138355d0;2018-02-01T20:00+0100;4865.1484
d6474feb-d37a-405c-b16b-5e39138355d0;2018-02-01T19:00+0100;4861.7866
d6474feb-d37a-405c-b16b-5e39138355d0;2018-02-01T18:00+0100;4856.0405
d6474feb-d37a-405c-b16b-5e39138355d0;2018-02-01T17:00+0100;4845.9575
d6474feb-d37a-405c-b16b-5e39138355d0;2018-02-01T16:00+0100;4832.0205
d6474feb-d37a-405c-b16b-5e39138355d0;2018-02-01T15:00+0100;4817.329
d6474feb-d37a-405c-b16b-5e39138355d0;2018-02-01T14:00+0100;4803.9307
d6474feb-d37a-405c-b16b-5e39138355d0;2018-02-01T13:00+0100;4787.539
d6474feb-d37a-405c-b16b-5e39138355d0;2018-02-01T12:00+0100;4767.7495
d6474feb-d37a-405c-b16b-5e39138355d0;2018-02-01T11:00+0100;4746.7593
d6474feb-d37a-405c-b16b-5e39138355d0;2018-02-01T10:00+0100;4725.4746
d6474feb-d37a-405c-b16b-5e39138355d0;2018-02-01T09:00+0100;4704.879
d6474feb-d37a-405c-b16b-5e39138355d0;2018-02-01T08:00+0100;4691.31
d6474feb-d37a-405c-b16b-5e39138355d0;2018-02-01T07:00+0100;4688.0273
d6474feb-d37a-405c-b16b-5e39138355d0;2018-02-01T06:00+0100;4686.724
d6474feb-d37a-405c-b16b-5e39138355d0;2018-02-01T05:00+0100;4685.5864
d6474feb-d37a-405c-b16b-5e39138355d0;2018-02-01T04:00+0100;4684.499
d6474feb-d37a-405c-b16b-5e39138355d0;2018-02-01T03:00+0100;4683.342
d6474feb-d37a-405c-b16b-5e39138355d0;2018-02-01T02:00+0100;4682.1733
d6474feb-d37a-405c-b16b-5e39138355d0;2018-02-01T01:00+0100;4681.0093
d6474feb-d37a-405c-b16b-5e39138355d0;2018-02-01T00:00+0100;4679.835
d6474feb-d37a-405c-b16b-5e39138355d0;2018-01-31T23:00+0100;4678.5806
d6474feb-d37a-405c-b16b-5e39138355d0;2018-01-31T22:00+0100;4677.1553
d6474feb-d37a-405c-b16b-5e39138355d0;2018-01-31T21:00+0100;4675.496
d6474feb-d37a-405c-b16b-5e39138355d0;2018-01-31T20:00+0100;4673.3994
d6474feb-d37a-405c-b16b-5e39138355d0;2018-01-31T19:00+0100;4670.038
d6474feb-d37a-405c-b16b-5e39138355d0;2018-01-31T18:00+0100;4664.292
d6474feb-d37a-405c-b16b-5e39138355d0;2018-01-31T17:00+0100;4654.2085
d6474feb-d37a-405c-b16b-5e39138355d0;2018-01-31T16:00+0100;4640.2715
d6474feb-d37a-405c-b16b-5e39138355d0;2018-01-31T15:00+0100;4625.5806
d6474feb-d37a-405c-b16b-5e39138355d0;2018-01-31T14:00+0100;4612.1826
d6474feb-d37a-405c-b16b-5e39138355d0;2018-01-31T13:00+0100;4595.7905
d6474feb-d37a-405c-b16b-5e39138355d0;2018-01-31T12:00+0100;4576.001
d6474feb-d37a-405c-b16b-5e39138355d0;2018-01-31T11:00+0100;4555.0107
d6474feb-d37a-405c-b16b-5e39138355d0;2018-01-31T10:00+0100;4533.7256
d6474feb-d37a-405c-b16b-5e39138355d0;2018-01-31T09:00+0100;4513.13
d6474feb-d37a-405c-b16b-5e39138355d0;2018-01-31T08:00+0100;4499.561
d6474feb-d37a-405c-b16b-5e39138355d0;2018-01-31T07:00+0100;4496.2783
d6474feb-d37a-405c-b16b-5e39138355d0;2018-01-31T06:00+0100;4494.9756
d6474feb-d37a-405c-b16b-5e39138355d0;2018-01-31T05:00+0100;4493.838
d6474feb-d37a-405c-b16b-5e39138355d0;2018-01-31T04:00+0100;4492.751
d6474feb-d37a-405c-b16b-5e39138355d0;2018-01-31T03:00+0100;4491.5923
d6474feb-d37a-405c-b16b-5e39138355d0;2018-01-31T02:00+0100;4490.425
d6474feb-d37a-405c-b16b-5e39138355d0;2018-01-31T01:00+0100;4489.2607
d6474feb-d37a-405c-b16b-5e39138355d0;2018-01-31T00:00+0100;4488.0864
d6474feb-d37a-405c-b16b-5e39138355d0;2018-01-30T23:00+0100;4486.832
d6474feb-d37a-405c-b16b-5e39138355d0;2018-01-30T22:00+0100;4485.4062
d6474feb-d37a-405c-b16b-5e39138355d0;2018-01-30T21:00+0100;4483.7476
d6474feb-d37a-405c-b16b-5e39138355d0;2018-01-30T20:00+0100;4481.651
d6474feb-d37a-405c-b16b-5e39138355d0;2018-01-30T19:00+0100;4478.289
d6474feb-d37a-405c-b16b-5e39138355d0;2018-01-30T18:00+0100;4472.5435
d6474feb-d37a-405c-b16b-5e39138355d0;2018-01-30T17:00+0100;4462.4604
d6474feb-d37a-405c-b16b-5e39138355d0;2018-01-30T16:00+0100;4448.523
d6474feb-d37a-405c-b16b-5e39138355d0;2018-01-30T15:00+0100;4433.8315
d6474feb-d37a-405c-b16b-5e39138355d0;2018-01-30T14:00+0100;4420.4336
d6474feb-d37a-405c-b16b-5e39138355d0;2018-01-30T13:00+0100;4404.042
d6474feb-d37a-405c-b16b-5e39138355d0;2018-01-30T12:00+0100;4384.252
d6474feb-d37a-405c-b16b-5e39138355d0;2018-01-30T11:00+0100;4363.2617
d6474feb-d37a-405c-b16b-5e39138355d0;2018-01-30T10:00+0100;4341.9766
d6474feb-d37a-405c-b16b-5e39138355d0;2018-01-30T09:00+0100;4321.3813
d6474feb-d37a-405c-b16b-5e39138355d0;2018-01-30T08:00+0100;4307.8125
d6474feb-d37a-405c-b16b-5e39138355d0;2018-01-30T07:00+0100;4304.53
d6474feb-d37a-405c-b16b-5e39138355d0;2018-01-30T06:00+0100;4303.2266
d6474feb-d37a-405c-b16b-5e39138355d0;2018-01-30T05:00+0100;4302.089
d6474feb-d37a-405c-b16b-5e39138355d0;2018-01-30T04:00+0100;4301.002
d6474feb-d37a-405c-b16b-5e39138355d0;2018-01-30T03:00+0100;4299.8438
d6474feb-d37a-405c-b16b-5e39138355d0;2018-01-30T02:00+0100;4298.6763
d6474feb-d37a-405c-b16b-5e39138355d0;2018-01-30T01:00+0100;4297.5117
d6474feb-d37a-405c-b16b-5e39138355d0;2018-01-30T00:00+0100;4296.338
d6474feb-d37a-405c-b16b-5e39138355d0;2018-01-29T23:00+0100;4295.083
d6474feb-d37a-405c-b16b-5e39138355d0;2018-01-29T22:00+0100;4293.657
d6474feb-d37a-405c-b16b-5e39138355d0;2018-01-29T21:00+0100;4291.999
d6474feb-d37a-405c-b16b-5e39138355d0;2018-01-29T20:00+0100;4289.9023
d6474feb-d37a-405c-b16b-5e39138355d0;2018-01-29T19:00+0100;4286.5405
d6474feb-d37a-405c-b16b-5e39138355d0;2018-01-29T18:00+0100;4280.7944
d6474feb-d37a-405c-b16b-5e39138355d0;2018-01-29T17:00+0100;4270.7114
d6474feb-d37a-405c-b16b-5e39138355d0;2018-01-29T16:00+0100;4256.7744
d6474feb-d37a-405c-b16b-5e39138355d0;2018-01-29T15:00+0100;4242.083
d6474feb-d37a-405c-b16b-5e39138355d0;2018-01-29T14:00+0100;4228.6846
d6474feb-d37a-405c-b16b-5e39138355d0;2018-01-29T13:00+0100;4212.293
d6474feb-d37a-405c-b16b-5e39138355d0;2018-01-29T12:00+0100;4192.5034
d6474feb-d37a-405c-b16b-5e39138355d0;2018-01-29T11:00+0100;4171.513
d6474feb-d37a-405c-b16b-5e39138355d0;2018-01-29T10:00+0100;4150.2285
d6474feb-d37a-405c-b16b-5e39138355d0;2018-01-29T09:00+0100;4129.633
d6474feb-d37a-405c-b16b-5e39138355d0;2018-01-29T08:00+0100;4116.064
d6474feb-d37a-405c-b16b-5e39138355d0;2018-01-29T07:00+0100;4112.7812
d6474feb-d37a-405c-b16b-5e39138355d0;2018-01-29T06:00+0100;4111.478
d6474feb-d37a-405c-b16b-5e39138355d0;2018-01-29T05:00+0100;4110.3403
d6474feb-d37a-405c-b16b-5e39138355d0;2018-01-29T04:00+0100;4109.253
d6474feb-d37a-405c-b16b-5e39138355d0;2018-01-29T03:00+0100;4108.0957
d6474feb-d37a-405c-b16b-5e39138355d0;2018-01-29T02:00+0100;4106.9272
d6474feb-d37a-405c-b16b-5e39138355d0;2018-01-29T01:00+0100;4105.763
d6474feb-d37a-405c-b16b-5e39138355d0;2018-01-29T00:00+0100;4104.5845
d6474feb-d37a-405c-b16b-5e39138355d0;2018-01-28T23:00+0100;4103.3477
d6474feb-d37a-405c-b16b-5e39138355d0;2018-01-28T22:00+0100;4102.075
d6474feb-d37a-405c-b16b-5e39138355d0;2018-01-28T21:00+0100;4100.683
d6474feb-d37a-405c-b16b-5e39138355d0;2018-01-28T20:00+0100;4099.2407
d6474feb-d37a-405c-b16b-5e39138355d0;2018-01-28T19:00+0100;4097.698
d6474feb-d37a-405c-b16b-5e39138355d0;2018-01-28T18:00+0100;4096.2593
d6474feb-d37a-405c-b16b-5e39138355d0;2018-01-28T17:00+0100;4094.8457
d6474feb-d37a-405c-b16b-5e39138355d0;2018-01-28T16:00+0100;4093.436
d6474feb-d37a-405c-b16b-5e39138355d0;2018-01-28T15:00+0100;4092.105
d6474feb-d37a-405c-b16b-5e39138355d0;2018-01-28T14:00+0100;4090.8398
d6474feb-d37a-405c-b16b-5e39138355d0;2018-01-28T13:00+0100;4089.5066
d6474feb-d37a-405c-b16b-5e39138355d0;2018-01-28T12:00+0100;4088.108
d6474feb-d37a-405c-b16b-5e39138355d0;2018-01-28T11:00+0100;4086.7646
d6474feb-d37a-405c-b16b-5e39138355d0;2018-01-28T10:00+0100;4085.4333
d6474feb-d37a-405c-b16b-5e39138355d0;2018-01-28T09:00+0100;4084.1099
d6474feb-d37a-405c-b16b-5e39138355d0;2018-01-28T08:00+0100;4082.8518
d6474feb-d37a-405c-b16b-5e39138355d0;2018-01-28T07:00+0100;4081.601
d6474feb-d37a-405c-b16b-5e39138355d0;2018-01-28T06:00+0100;4080.3708
d6474feb-d37a-405c-b16b-5e39138355d0;2018-01-28T05:00+0100;4079.2676
d6474feb-d37a-405c-b16b-5e39138355d0;2018-01-28T04:00+0100;4078.1895
d6474feb-d37a-405c-b16b-5e39138355d0;2018-01-28T03:00+0100;4077.0942
d6474feb-d37a-405c-b16b-5e39138355d0;2018-01-28T02:00+0100;4075.9497
d6474feb-d37a-405c-b16b-5e39138355d0;2018-01-28T01:00+0100;4074.849
d6474feb-d37a-405c-b16b-5e39138355d0;2018-01-28T00:00+0100;4073.683
d6474feb-d37a-405c-b16b-5e39138355d0;2018-01-27T23:00+0100;4072.453
d6474feb-d37a-405c-b16b-5e39138355d0;2018-01-27T22:00+0100;4071.2593
d6474feb-d37a-405c-b16b-5e39138355d0;2018-01-27T21:00+0100;4069.9285
d6474feb-d37a-405c-b16b-5e39138355d0;2018-01-27T20:00+0100;4068.4456
d6474feb-d37a-405c-b16b-5e39138355d0;2018-01-27T19:00+0100;4066.9424
d6474feb-d37a-405c-b16b-5e39138355d0;2018-01-27T18:00+0100;4065.4548
d6474feb-d37a-405c-b16b-5e39138355d0;2018-01-27T17:00+0100;4064.019
d6474feb-d37a-405c-b16b-5e39138355d0;2018-01-27T16:00+0100;4062.5303
d6474feb-d37a-405c-b16b-5e39138355d0;2018-01-27T15:00+0100;4061.0273
d6474feb-d37a-405c-b16b-5e39138355d0;2018-01-27T14:00+0100;4059.4
d6474feb-d37a-405c-b16b-5e39138355d0;2018-01-27T13:00+0100;4057.351
d6474feb-d37a-405c-b16b-5e39138355d0;2018-01-27T12:00+0100;4055.0088
d6474feb-d37a-405c-b16b-5e39138355d0;2018-01-27T11:00+0100;4052.4678
d6474feb-d37a-405c-b16b-5e39138355d0;2018-01-27T10:00+0100;4050.067
d6474feb-d37a-405c-b16b-5e39138355d0;2018-01-27T09:00+0100;4048.0884
d6474feb-d37a-405c-b16b-5e39138355d0;2018-01-27T08:00+0100;4046.6313
d6474feb-d37a-405c-b16b-5e39138355d0;2018-01-27T07:00+0100;4045.369
d6474feb-d37a-405c-b16b-5e39138355d0;2018-01-27T06:00+0100;4044.1401
d6474feb-d37a-405c-b16b-5e39138355d0;2018-01-27T05:00+0100;4043.0369
d6474feb-d37a-405c-b16b-5e39138355d0;2018-01-27T04:00+0100;4041.9587
d6474feb-d37a-405c-b16b-5e39138355d0;2018-01-27T03:00+0100;4040.863
d6474feb-d37a-405c-b16b-5e39138355d0;2018-01-27T02:00+0100;4039.718
d6474feb-d37a-405c-b16b-5e39138355d0;2018-01-27T01:00+0100;4038.615
d6474feb-d37a-405c-b16b-5e39138355d0;2018-01-27T00:00+0100;4037.457
d6474feb-d37a-405c-b16b-5e39138355d0;2018-01-26T23:00+0100;4036.2026
d6474feb-d37a-405c-b16b-5e39138355d0;2018-01-26T22:00+0100;4034.777
d6474feb-d37a-405c-b16b-5e39138355d0;2018-01-26T21:00+0100;4033.1184
d6474feb-d37a-405c-b16b-5e39138355d0;2018-01-26T20:00+0100;4031.0215
d6474feb-d37a-405c-b16b-5e39138355d0;2018-01-26T19:00+0100;4027.66
d6474feb-d37a-405c-b16b-5e39138355d0;2018-01-26T18:00+0100;4021.914
d6474feb-d37a-405c-b16b-5e39138355d0;2018-01-26T17:00+0100;4011.8308
d6474feb-d37a-405c-b16b-5e39138355d0;2018-01-26T16:00+0100;3997.8936
d6474feb-d37a-405c-b16b-5e39138355d0;2018-01-26T15:00+0100;3983.2024
d6474feb-d37a-405c-b16b-5e39138355d0;2018-01-26T14:00+0100;3969.8042
d6474feb-d37a-405c-b16b-5e39138355d0;2018-01-26T13:00+0100;3953.4126
d6474feb-d37a-405c-b16b-5e39138355d0;2018-01-26T12:00+0100;3933.6226
d6474feb-d37a-405c-b16b-5e39138355d0;2018-01-26T11:00+0100;3912.6326
d6474feb-d37a-405c-b16b-5e39138355d0;2018-01-26T10:00+0100;3891.3477
d6474feb-d37a-405c-b16b-5e39138355d0;2018-01-26T09:00+0100;3870.752
d6474feb-d37a-405c-b16b-5e39138355d0;2018-01-26T08:00+0100;3857.1833
d6474feb-d37a-405c-b16b-5e39138355d0;2018-01-26T07:00+0100;3853.9004
d6474feb-d37a-405c-b16b-5e39138355d0;2018-01-26T06:00+0100;3852.5974
d6474feb-d37a-405c-b16b-5e39138355d0;2018-01-26T05:00+0100;3851.4595
d6474feb-d37a-405c-b16b-5e39138355d0;2018-01-26T04:00+0100;3850.3726
d6474feb-d37a-405c-b16b-5e39138355d0;2018-01-26T03:00+0100;3849.2146
d6474feb-d37a-405c-b16b-5e39138355d0;2018-01-26T02:00+0100;3848.0469
d6474feb-d37a-405c-b16b-5e39138355d0;2018-01-26T01:00+0100;3846.8828
d6474feb-d37a-405c-b16b-5e39138355d0;2018-01-26T00:00+0100;3845.7083
d6474feb-d37a-405c-b16b-5e39138355d0;2018-01-25T23:00+0100;3844.4539
d6474feb-d37a-405c-b16b-5e39138355d0;2018-01-25T22:00+0100;3843.0283
d6474feb-d37a-405c-b16b-5e39138355d0;2018-01-25T21:00+0100;3841.3694
d6474feb-d37a-405c-b16b-5e39138355d0;2018-01-25T20:00+0100;3839.2727
d6474feb-d37a-405c-b16b-5e39138355d0;2018-01-25T19:00+0100;3835.9111
d6474feb-d37a-405c-b16b-5e39138355d0;2018-01-25T18:00+0100;3830.1655
d6474feb-d37a-405c-b16b-5e39138355d0;2018-01-25T17:00+0100;3820.082
d6474feb-d37a-405c-b16b-5e39138355d0;2018-01-25T16:00+0100;3806.1448
d6474feb-d37a-405c-b16b-5e39138355d0;2018-01-25T15:00+0100;3791.4536
d6474feb-d37a-405c-b16b-5e39138355d0;2018-01-25T14:00+0100;3778.0557
d6474feb-d37a-405c-b16b-5e39138355d0;2018-01-25T13:00+0100;3761.664
d6474feb-d37a-405c-b16b-5e39138355d0;2018-01-25T12:00+0100;3741.874
d6474feb-d37a-405c-b16b-5e39138355d0;2018-01-25T11:00+0100;3720.8838
d6474feb-d37a-405c-b16b-5e39138355d0;2018-01-25T10:00+0100;3699.5989
d6474feb-d37a-405c-b16b-5e39138355d0;2018-01-25T09:00+0100;3679.0034
d6474feb-d37a-405c-b16b-5e39138355d0;2018-01-25T08:00+0100;3665.4346
d6474feb-d37a-405c-b16b-5e39138355d0;2018-01-25T07:00+0100;3662.1519
d6474feb-d37a-405c-b16b-5e39138355d0;2018-01-25T06:00+0100;3660.8486
d6474feb-d37a-405c-b16b-5e39138355d0;2018-01-25T05:00+0100;3659.711
d6474feb-d37a-405c-b16b-5e39138355d0;2018-01-25T04:00+0100;3658.624
d6474feb-d37a-405c-b16b-5e39138355d0;2018-01-25T03:00+0100;3657.4658
d6474feb-d37a-405c-b16b-5e39138355d0;2018-01-25T02:00+0100;3656.2983
d6474feb-d37a-405c-b16b-5e39138355d0;2018-01-25T01:00+0100;3655.1338
d6474feb-d37a-405c-b16b-5e39138355d0;2018-01-25T00:00+0100;3653.9595
d6474feb-d37a-405c-b16b-5e39138355d0;2018-01-24T23:00+0100;3652.705
d6474feb-d37a-405c-b16b-5e39138355d0;2018-01-24T22:00+0100;3651.2798
d6474feb-d37a-405c-b16b-5e39138355d0;2018-01-24T21:00+0100;3649.621
d6474feb-d37a-405c-b16b-5e39138355d0;2018-01-24T20:00+0100;3647.5242
d6474feb-d37a-405c-b16b-5e39138355d0;2018-01-24T19:00+0100;3644.1626
d6474feb-d37a-405c-b16b-5e39138355d0;2018-01-24T18:00+0100;3638.4167
d6474feb-d37a-405c-b16b-5e39138355d0;2018-01-24T17:00+0100;3628.3335
d6474feb-d37a-405c-b16b-5e39138355d0;2018-01-24T16:00+0100;3614.396
d6474feb-d37a-405c-b16b-5e39138355d0;2018-01-24T15:00+0100;3599.705
d6474feb-d37a-405c-b16b-5e39138355d0;2018-01-24T14:00+0100;3586.307
d6474feb-d37a-405c-b16b-5e39138355d0;2018-01-24T13:00+0100;3569.9153
d6474feb-d37a-405c-b16b-5e39138355d0;2018-01-24T12:00+0100;3550.1255
d6474feb-d37a-405c-b16b-5e39138355d0;2018-01-24T11:00+0100;3529.1353
d6474feb-d37a-405c-b16b-5e39138355d0;2018-01-24T10:00+0100;3507.85
d6474feb-d37a-405c-b16b-5e39138355d0;2018-01-24T09:00+0100;3487.2546
d6474feb-d37a-405c-b16b-5e39138355d0;2018-01-24T08:00+0100;3473.686
d6474feb-d37a-405c-b16b-5e39138355d0;2018-01-24T07:00+0100;3470.4033
d6474feb-d37a-405c-b16b-5e39138355d0;2018-01-24T06:00+0100;3469.1
d6474feb-d37a-405c-b16b-5e39138355d0;2018-01-24T05:00+0100;3467.9624
d6474feb-d37a-405c-b16b-5e39138355d0;2018-01-24T04:00+0100;3466.8752
d6474feb-d37a-405c-b16b-5e39138355d0;2018-01-24T03:00+0100;3465.7173
d6474feb-d37a-405c-b16b-5e39138355d0;2018-01-24T02:00+0100;3464.5493
d6474feb-d37a-405c-b16b-5e39138355d0;2018-01-24T01:00+0100;3463.3853
d6474feb-d37a-405c-b16b-5e39138355d0;2018-01-24T00:00+0100;3462.211
d6474feb-d37a-405c-b16b-5e39138355d0;2018-01-23T23:00+0100;3460.9565
d6474feb-d37a-405c-b16b-5e39138355d0;2018-01-23T22:00+0100;3459.531
d6474feb-d37a-405c-b16b-5e39138355d0;2018-01-23T21:00+0100;3457.8723
d6474feb-d37a-405c-b16b-5e39138355d0;2018-01-23T20:00+0100;3455.7754
d6474feb-d37a-405c-b16b-5e39138355d0;2018-01-23T19:00+0100;3452.4138
d6474feb-d37a-405c-b16b-5e39138355d0;2018-01-23T18:00+0100;3446.668
d6474feb-d37a-405c-b16b-5e39138355d0;2018-01-23T17:00+0100;3436.5847
d6474feb-d37a-405c-b16b-5e39138355d0;2018-01-23T16:00+0100;3422.6475
d6474feb-d37a-405c-b16b-5e39138355d0;2018-01-23T15:00+0100;3407.9563
d6474feb-d37a-405c-b16b-5e39138355d0;2018-01-23T14:00+0100;3394.558
d6474feb-d37a-405c-b16b-5e39138355d0;2018-01-23T13:00+0100;3378.1665
d6474feb-d37a-405c-b16b-5e39138355d0;2018-01-23T12:00+0100;3358.3765
d6474feb-d37a-405c-b16b-5e39138355d0;2018-01-23T11:00+0100;3337.3865
d6474feb-d37a-405c-b16b-5e39138355d0;2018-01-23T10:00+0100;3316.1016
d6474feb-d37a-405c-b16b-5e39138355d0;2018-01-23T09:00+0100;3295.5059
d6474feb-d37a-405c-b16b-5e39138355d0;2018-01-23T08:00+0100;3281.9373
d6474feb-d37a-405c-b16b-5e39138355d0;2018-01-23T07:00+0100;3278.6543
d6474feb-d37a-405c-b16b-5e39138355d0;2018-01-23T06:00+0100;3277.3513
d6474feb-d37a-405c-b16b-5e39138355d0;2018-01-23T05:00+0100;3276.2134
d6474feb-d37a-405c-b16b-5e39138355d0;2018-01-23T04:00+0100;3275.1265
d6474feb-d37a-405c-b16b-5e39138355d0;2018-01-23T03:00+0100;3273.9685
d6474feb-d37a-405c-b16b-5e39138355d0;2018-01-23T02:00+0100;3272.8008
d6474feb-d37a-405c-b16b-5e39138355d0;2018-01-23T01:00+0100;3271.6367
d6474feb-d37a-405c-b16b-5e39138355d0;2018-01-23T00:00+0100;3270.4622
d6474feb-d37a-405c-b16b-5e39138355d0;2018-01-22T23:00+0100;3269.2078
d6474feb-d37a-405c-b16b-5e39138355d0;2018-01-22T22:00+0100;3267.7822
d6474feb-d37a-405c-b16b-5e39138355d0;2018-01-22T21:00+0100;3266.1233
d6474feb-d37a-405c-b16b-5e39138355d0;2018-01-22T20:00+0100;3264.0266
d6474feb-d37a-405c-b16b-5e39138355d0;2018-01-22T19:00+0100;3260.665
d6474feb-d37a-405c-b16b-5e39138355d0;2018-01-22T18:00+0100;3254.9194
d6474feb-d37a-405c-b16b-5e39138355d0;2018-01-22T17:00+0100;3244.836
d6474feb-d37a-405c-b16b-5e39138355d0;2018-01-22T16:00+0100;3230.8987
d6474feb-d37a-405c-b16b-5e39138355d0;2018-01-22T15:00+0100;3216.2075
d6474feb-d37a-405c-b16b-5e39138355d0;2018-01-22T14:00+0100;3202.8096
d6474feb-d37a-405c-b16b-5e39138355d0;2018-01-22T13:00+0100;3186.418
d6474feb-d37a-405c-b16b-5e39138355d0;2018-01-22T12:00+0100;3166.628
d6474feb-d37a-405c-b16b-5e39138355d0;2018-01-22T11:00+0100;3145.6377
d6474feb-d37a-405c-b16b-5e39138355d0;2018-01-22T10:00+0100;3124.3528
d6474feb-d37a-405c-b16b-5e39138355d0;2018-01-22T09:00+0100;3103.7573
d6474feb-d37a-405c-b16b-5e39138355d0;2018-01-22T08:00+0100;3090.1885
d6474feb-d37a-405c-b16b-5e39138355d0;2018-01-22T07:00+0100;3086.9058
d6474feb-d37a-405c-b16b-5e39138355d0;2018-01-22T06:00+0100;3085.6025
d6474feb-d37a-405c-b16b-5e39138355d0;2018-01-22T05:00+0100;3084.4648
d6474feb-d37a-405c-b16b-5e39138355d0;2018-01-22T04:00+0100;3083.378
d6474feb-d37a-405c-b16b-5e39138355d0;2018-01-22T03:00+0100;3082.2197
d6474feb-d37a-405c-b16b-5e39138355d0;2018-01-22T02:00+0100;3081.0522
d6474feb-d37a-405c-b16b-5e39138355d0;2018-01-22T01:00+0100;3079.8877
d6474feb-d37a-405c-b16b-5e39138355d0;2018-01-22T00:00+0100;3078.709
d6474feb-d37a-405c-b16b-5e39138355d0;2018-01-21T23:00+0100;3077.472
d6474feb-d37a-405c-b16b-5e39138355d0;2018-01-21T22:00+0100;3076.1997
d6474feb-d37a-405c-b16b-5e39138355d0;2018-01-21T21:00+0100;3074.8074
d6474feb-d37a-405c-b16b-5e39138355d0;2018-01-21T20:00+0100;3073.3655
d6474feb-d37a-405c-b16b-5e39138355d0;2018-01-21T19:00+0100;3071.8228
d6474feb-d37a-405c-b16b-5e39138355d0;2018-01-21T18:00+0100;3070.3838
d6474feb-d37a-405c-b16b-5e39138355d0;2018-01-21T17:00+0100;3068.9702
d6474feb-d37a-405c-b16b-5e39138355d0;2018-01-21T16:00+0100;3067.5605
d6474feb-d37a-405c-b16b-5e39138355d0;2018-01-21T15:00+0100;3066.2297
d6474feb-d37a-405c-b16b-5e39138355d0;2018-01-21T14:00+0100;3064.9644
d6474feb-d37a-405c-b16b-5e39138355d0;2018-01-21T13:00+0100;3063.6313
d6474feb-d37a-405c-b16b-5e39138355d0;2018-01-21T12:00+0100;3062.2324
d6474feb-d37a-405c-b16b-5e39138355d0;2018-01-21T11:00+0100;3060.8894
d6474feb-d37a-405c-b16b-5e39138355d0;2018-01-21T10:00+0100;3059.5579
d6474feb-d37a-405c-b16b-5e39138355d0;2018-01-21T09:00+0100;3058.2346
d6474feb-d37a-405c-b16b-5e39138355d0;2018-01-21T08:00+0100;3056.9766
d6474feb-d37a-405c-b16b-5e39138355d0;2018-01-21T07:00+0100;3055.7258
d6474feb-d37a-405c-b16b-5e39138355d0;2018-01-21T06:00+0100;3054.4954
d6474feb-d37a-405c-b16b-5e39138355d0;2018-01-21T05:00+0100;3053.3923
d6474feb-d37a-405c-b16b-5e39138355d0;2018-01-21T04:00+0100;3052.314
d6474feb-d37a-405c-b16b-5e39138355d0;2018-01-21T03:00+0100;3051.219
d6474feb-d37a-405c-b16b-5e39138355d0;2018-01-21T02:00+0100;3050.0745
d6474feb-d37a-405c-b16b-5e39138355d0;2018-01-21T01:00+0100;3048.9736
d6474feb-d37a-405c-b16b-5e39138355d0;2018-01-21T00:00+0100;3047.8076
d6474feb-d37a-405c-b16b-5e39138355d0;2018-01-20T23:00+0100;3046.5774
d6474feb-d37a-405c-b16b-5e39138355d0;2018-01-20T22:00+0100;3045.3838
d6474feb-d37a-405c-b16b-5e39138355d0;2018-01-20T21:00+0100;3044.0532
d6474feb-d37a-405c-b16b-5e39138355d0;2018-01-20T20:00+0100;3042.5703
d6474feb-d37a-405c-b16b-5e39138355d0;2018-01-20T19:00+0100;3041.0671
d6474feb-d37a-405c-b16b-5e39138355d0;2018-01-20T18:00+0100;3039.5793
d6474feb-d37a-405c-b16b-5e39138355d0;2018-01-20T17:00+0100;3038.1436
d6474feb-d37a-405c-b16b-5e39138355d0;2018-01-20T16:00+0100;3036.6548
d6474feb-d37a-405c-b16b-5e39138355d0;2018-01-20T15:00+0100;3035.1519
d6474feb-d37a-405c-b16b-5e39138355d0;2018-01-20T14:00+0100;3033.5244
d6474feb-d37a-405c-b16b-5e39138355d0;2018-01-20T13:00+0100;3031.4756
d6474feb-d37a-405c-b16b-5e39138355d0;2018-01-20T12:00+0100;3029.1333
d6474feb-d37a-405c-b16b-5e39138355d0;2018-01-20T11:00+0100;3026.5925
d6474feb-d37a-405c-b16b-5e39138355d0;2018-01-20T10:00+0100;3024.1917
d6474feb-d37a-405c-b16b-5e39138355d0;2018-01-20T09:00+0100;3022.2131
d6474feb-d37a-405c-b16b-5e39138355d0;2018-01-20T08:00+0100;3020.7559
d6474feb-d37a-405c-b16b-5e39138355d0;2018-01-20T07:00+0100;3019.4932
d6474feb-d37a-405c-b16b-5e39138355d0;2018-01-20T06:00+0100;3018.2646
d6474feb-d37a-405c-b16b-5e39138355d0;2018-01-20T05:00+0100;3017.1616
d6474feb-d37a-405c-b16b-5e39138355d0;2018-01-20T04:00+0100;3016.0835
d6474feb-d37a-405c-b16b-5e39138355d0;2018-01-20T03:00+0100;3014.9878
d6474feb-d37a-405c-b16b-5e39138355d0;2018-01-20T02:00+0100;3013.8428
d6474feb-d37a-405c-b16b-5e39138355d0;2018-01-20T01:00+0100;3012.7397
d6474feb-d37a-405c-b16b-5e39138355d0;2018-01-20T00:00+0100;3011.5815
d6474feb-d37a-405c-b16b-5e39138355d0;2018-01-19T23:00+0100;3010.3271
d6474feb-d37a-405c-b16b-5e39138355d0;2018-01-19T22:00+0100;3008.9019
d6474feb-d37a-405c-b16b-5e39138355d0;2018-01-19T21:00+0100;3007.2432
d6474feb-d37a-405c-b16b-5e39138355d0;2018-01-19T20:00+0100;3005.1462
d6474feb-d37a-405c-b16b-5e39138355d0;2018-01-19T19:00+0100;3001.7847
d6474feb-d37a-405c-b16b-5e39138355d0;2018-01-19T18:00+0100;2996.0386
d6474feb-d37a-405c-b16b-5e39138355d0;2018-01-19T17:00+0100;2985.9556
d6474feb-d37a-405c-b16b-5e39138355d0;2018-01-19T16:00+0100;2972.018
d6474feb-d37a-405c-b16b-5e39138355d0;2018-01-19T15:00+0100;2957.327
d6474feb-d37a-405c-b16b-5e39138355d0;2018-01-19T14:00+0100;2943.929
d6474feb-d37a-405c-b16b-5e39138355d0;2018-01-19T13:00+0100;2927.5374
d6474feb-d37a-405c-b16b-5e39138355d0;2018-01-19T12:00+0100;2907.7476
d6474feb-d37a-405c-b16b-5e39138355d0;2018-01-19T11:00+0100;2886.7573
d6474feb-d37a-405c-b16b-5e39138355d0;2018-01-19T10:00+0100;2865.4722
d6474feb-d37a-405c-b16b-5e39138355d0;2018-01-19T09:00+0100;2844.8767
d6474feb-d37a-405c-b16b-5e39138355d0;2018-01-19T08:00+0100;2831.308
d6474feb-d37a-405c-b16b-5e39138355d0;2018-01-19T07:00+0100;2828.0251
d6474feb-d37a-405c-b16b-5e39138355d0;2018-01-19T06:00+0100;2826.722
d6474feb-d37a-405c-b16b-5e39138355d0;2018-01-19T05:00+0100;2825.5842
d6474feb-d37a-405c-b16b-5e39138355d0;2018-01-19T04:00+0100;2824.4973
d6474feb-d37a-405c-b16b-5e39138355d0;2018-01-19T03:00+0100;2823.3394
d6474feb-d37a-405c-b16b-5e39138355d0;2018-01-19T02:00+0100;2822.1719
d6474feb-d37a-405c-b16b-5e39138355d0;2018-01-19T01:00+0100;2821.0073
d6474feb-d37a-405c-b16b-5e39138355d0;2018-01-19T00:00+0100;2819.833
d6474feb-d37a-405c-b16b-5e39138355d0;2018-01-18T23:00+0100;2818.5786
d6474feb-d37a-405c-b16b-5e39138355d0;2018-01-18T22:00+0100;2817.153
d6474feb-d37a-405c-b16b-5e39138355d0;2018-01-18T21:00+0100;2815.4944
d6474feb-d37a-405c-b16b-5e39138355d0;2018-01-18T20:00+0100;2813.3975
d6474feb-d37a-405c-b16b-5e39138355d0;2018-01-18T19:00+0100;2810.036
d6474feb-d37a-405c-b16b-5e39138355d0;2018-01-18T18:00+0100;2804.2898
d6474feb-d37a-405c-b16b-5e39138355d0;2018-01-18T17:00+0100;2794.2068
d6474feb-d37a-405c-b16b-5e39138355d0;2018-01-18T16:00+0100;2780.2695
d6474feb-d37a-405c-b16b-5e39138355d0;2018-01-18T15:00+0100;2765.5781
d6474feb-d37a-405c-b16b-5e39138355d0;2018-01-18T14:00+0100;2752.1802
d6474feb-d37a-405c-b16b-5e39138355d0;2018-01-18T13:00+0100;2735.7886
d6474feb-d37a-405c-b16b-5e39138355d0;2018-01-18T12:00+0100;2715.9985
d6474feb-d37a-405c-b16b-5e39138355d0;2018-01-18T11:00+0100;2695.0085
d6474feb-d37a-405c-b16b-5e39138355d0;2018-01-18T10:00+0100;2673.7236
d6474feb-d37a-405c-b16b-5e39138355d0;2018-01-18T09:00+0100;2653.128
d6474feb-d37a-405c-b16b-5e39138355d0;2018-01-18T08:00+0100;2639.559
d6474feb-d37a-405c-b16b-5e39138355d0;2018-01-18T07:00+0100;2636.2764
d6474feb-d37a-405c-b16b-5e39138355d0;2018-01-18T06:00+0100;2634.9734
d6474feb-d37a-405c-b16b-5e39138355d0;2018-01-18T05:00+0100;2633.8357
d6474feb-d37a-405c-b16b-5e39138355d0;2018-01-18T04:00+0100;2632.7483
d6474feb-d37a-405c-b16b-5e39138355d0;2018-01-18T03:00+0100;2631.5903
d6474feb-d37a-405c-b16b-5e39138355d0;2018-01-18T02:00+0100;2630.4229
d6474feb-d37a-405c-b16b-5e39138355d0;2018-01-18T01:00+0100;2629.2585
d6474feb-d37a-405c-b16b-5e39138355d0;2018-01-18T00:00+0100;2628.0842
d6474feb-d37a-405c-b16b-5e39138355d0;2018-01-17T23:00+0100;2626.8296
d6474feb-d37a-405c-b16b-5e39138355d0;2018-01-17T22:00+0100;2625.4043
d6474feb-d37a-405c-b16b-5e39138355d0;2018-01-17T21:00+0100;2623.7454
d6474feb-d37a-405c-b16b-5e39138355d0;2018-01-17T20:00+0100;2621.6487
d6474feb-d37a-405c-b16b-5e39138355d0;2018-01-17T19:00+0100;2618.287
d6474feb-d37a-405c-b16b-5e39138355d0;2018-01-17T18:00+0100;2612.5413
d6474feb-d37a-405c-b16b-5e39138355d0;2018-01-17T17:00+0100;2602.458
d6474feb-d37a-405c-b16b-5e39138355d0;2018-01-17T16:00+0100;2588.5208
d6474feb-d37a-405c-b16b-5e39138355d0;2018-01-17T15:00+0100;2573.8293
d6474feb-d37a-405c-b16b-5e39138355d0;2018-01-17T14:00+0100;2560.4316
d6474feb-d37a-405c-b16b-5e39138355d0;2018-01-17T13:00+0100;2544.0398
d6474feb-d37a-405c-b16b-5e39138355d0;2018-01-17T12:00+0100;2524.25
d6474feb-d37a-405c-b16b-5e39138355d0;2018-01-17T11:00+0100;2503.2598
d6474feb-d37a-405c-b16b-5e39138355d0;2018-01-17T10:00+0100;2481.9749
d6474feb-d37a-405c-b16b-5e39138355d0;2018-01-17T09:00+0100;2461.3794
d6474feb-d37a-405c-b16b-5e39138355d0;2018-01-17T08:00+0100;2447.8105
d6474feb-d37a-405c-b16b-5e39138355d0;2018-01-17T07:00+0100;2444.5278
d6474feb-d37a-405c-b16b-5e39138355d0;2018-01-17T06:00+0100;2443.2246
d6474feb-d37a-405c-b16b-5e39138355d0;2018-01-17T05:00+0100;2442.087
d6474feb-d37a-405c-b16b-5e39138355d0;2018-01-17T04:00+0100;2441.0
d6474feb-d37a-405c-b16b-5e39138355d0;2018-01-17T03:00+0100;2439.8418
d6474feb-d37a-405c-b16b-5e39138355d0;2018-01-17T02:00+0100;2438.674
d6474feb-d37a-405c-b16b-5e39138355d0;2018-01-17T01:00+0100;2437.5098
d6474feb-d37a-405c-b16b-5e39138355d0;2018-01-17T00:00+0100;2436.3354
d6474feb-d37a-405c-b16b-5e39138355d0;2018-01-16T23:00+0100;2435.081
d6474feb-d37a-405c-b16b-5e39138355d0;2018-01-16T22:00+0100;2433.6558
d6474feb-d37a-405c-b16b-5e39138355d0;2018-01-16T21:00+0100;2431.997
d6474feb-d37a-405c-b16b-5e39138355d0;2018-01-16T20:00+0100;2429.9
d6474feb-d37a-405c-b16b-5e39138355d0;2018-01-16T19:00+0100;2426.5383
d6474feb-d37a-405c-b16b-5e39138355d0;2018-01-16T18:00+0100;2420.7925
d6474feb-d37a-405c-b16b-5e39138355d0;2018-01-16T17:00+0100;2410.7095
d6474feb-d37a-405c-b16b-5e39138355d0;2018-01-16T16:00+0100;2396.772
d6474feb-d37a-405c-b16b-5e39138355d0;2018-01-16T15:00+0100;2382.0808
d6474feb-d37a-405c-b16b-5e39138355d0;2018-01-16T14:00+0100;2368.6829
d6474feb-d37a-405c-b16b-5e39138355d0;2018-01-16T13:00+0100;2352.2913
d6474feb-d37a-405c-b16b-5e39138355d0;2018-01-16T12:00+0100;2332.5015
d6474feb-d37a-405c-b16b-5e39138355d0;2018-01-16T11:00+0100;2311.511
d6474feb-d37a-405c-b16b-5e39138355d0;2018-01-16T10:00+0100;2290.226
d6474feb-d37a-405c-b16b-5e39138355d0;2018-01-16T09:00+0100;2269.6304
d6474feb-d37a-405c-b16b-5e39138355d0;2018-01-16T08:00+0100;2256.062
d6474feb-d37a-405c-b16b-5e39138355d0;2018-01-16T07:00+0100;2252.779
d6474feb-d37a-405c-b16b-5e39138355d0;2018-01-16T06:00+0100;2251.4758
d6474feb-d37a-405c-b16b-5e39138355d0;2018-01-16T05:00+0100;2250.3381
d6474feb-d37a-405c-b16b-5e39138355d0;2018-01-16T04:00+0100;2249.2512
d6474feb-d37a-405c-b16b-5e39138355d0;2018-01-16T03:00+0100;2248.0933
d6474feb-d37a-405c-b16b-5e39138355d0;2018-01-16T02:00+0100;2246.9255
d6474feb-d37a-405c-b16b-5e39138355d0;2018-01-16T01:00+0100;2245.7612
d6474feb-d37a-405c-b16b-5e39138355d0;2018-01-16T00:00+0100;2244.587
d6474feb-d37a-405c-b16b-5e39138355d0;2018-01-15T23:00+0100;2243.3325
d6474feb-d37a-405c-b16b-5e39138355d0;2018-01-15T22:00+0100;2241.907
d6474feb-d37a-405c-b16b-5e39138355d0;2018-01-15T21:00+0100;2240.248
d6474feb-d37a-405c-b16b-5e39138355d0;2018-01-15T20:00+0100;2238.1514
d6474feb-d37a-405c-b16b-5e39138355d0;2018-01-15T19:00+0100;2234.7898
d6474feb-d37a-405c-b16b-5e39138355d0;2018-01-15T18:00+0100;2229.0437
d6474feb-d37a-405c-b16b-5e39138355d0;2018-01-15T17:00+0100;2218.9607
d6474feb-d37a-405c-b16b-5e39138355d0;2018-01-15T16:00+0100;2205.0234
d6474feb-d37a-405c-b16b-5e39138355d0;2018-01-15T15:00+0100;2190.332
d6474feb-d37a-405c-b16b-5e39138355d0;2018-01-15T14:00+0100;2176.934
d6474feb-d37a-405c-b16b-5e39138355d0;2018-01-15T13:00+0100;2160.5425
d6474feb-d37a-405c-b16b-5e39138355d0;2018-01-15T12:00+0100;2140.7524
d6474feb-d37a-405c-b16b-5e39138355d0;2018-01-15T11:00+0100;2119.7625
d6474feb-d37a-405c-b16b-5e39138355d0;2018-01-15T10:00+0100;2098.4775
d6474feb-d37a-405c-b16b-5e39138355d0;2018-01-15T09:00+0100;2077.8818
d6474feb-d37a-405c-b16b-5e39138355d0;2018-01-15T08:00+0100;2064.313
d6474feb-d37a-405c-b16b-5e39138355d0;2018-01-15T07:00+0100;2061.0303
d6474feb-d37a-405c-b16b-5e39138355d0;2018-01-15T06:00+0100;2059.7273
d6474feb-d37a-405c-b16b-5e39138355d0;2018-01-15T05:00+0100;2058.5896
d6474feb-d37a-405c-b16b-5e39138355d0;2018-01-15T04:00+0100;2057.5022
d6474feb-d37a-405c-b16b-5e39138355d0;2018-01-15T03:00+0100;2056.3442
d6474feb-d37a-405c-b16b-5e39138355d0;2018-01-15T02:00+0100;2055.1768
d6474feb-d37a-405c-b16b-5e39138355d0;2018-01-15T01:00+0100;2054.0125
d6474feb-d37a-405c-b16b-5e39138355d0;2018-01-15T00:00+0100;2052.8335
d6474feb-d37a-405c-b16b-5e39138355d0;2018-01-14T23:00+0100;2051.5967
d6474feb-d37a-405c-b16b-5e39138355d0;2018-01-14T22:00+0100;2050.3245
d6474feb-d37a-405c-b16b-5e39138355d0;2018-01-14T21:00+0100;2048.9321
d6474feb-d37a-405c-b16b-5e39138355d0;2018-01-14T20:00+0100;2047.4899
d6474feb-d37a-405c-b16b-5e39138355d0;2018-01-14T19:00+0100;2045.9475
d6474feb-d37a-405c-b16b-5e39138355d0;2018-01-14T18:00+0100;2044.5085
d6474feb-d37a-405c-b16b-5e39138355d0;2018-01-14T17:00+0100;2043.0948
d6474feb-d37a-405c-b16b-5e39138355d0;2018-01-14T16:00+0100;2041.6853
d6474feb-d37a-405c-b16b-5e39138355d0;2018-01-14T15:00+0100;2040.3541
d6474feb-d37a-405c-b16b-5e39138355d0;2018-01-14T14:00+0100;2039.089
d6474feb-d37a-405c-b16b-5e39138355d0;2018-01-14T13:00+0100;2037.7557
d6474feb-d37a-405c-b16b-5e39138355d0;2018-01-14T12:00+0100;2036.3572
d6474feb-d37a-405c-b16b-5e39138355d0;2018-01-14T11:00+0100;2035.014
d6474feb-d37a-405c-b16b-5e39138355d0;2018-01-14T10:00+0100;2033.6825
d6474feb-d37a-405c-b16b-5e39138355d0;2018-01-14T09:00+0100;2032.3593
d6474feb-d37a-405c-b16b-5e39138355d0;2018-01-14T08:00+0100;2031.1012
d6474feb-d37a-405c-b16b-5e39138355d0;2018-01-14T07:00+0100;2029.8503
d6474feb-d37a-405c-b16b-5e39138355d0;2018-01-14T06:00+0100;2028.62
d6474feb-d37a-405c-b16b-5e39138355d0;2018-01-14T05:00+0100;2027.5166
d6474feb-d37a-405c-b16b-5e39138355d0;2018-01-14T04:00+0100;2026.4387
d6474feb-d37a-405c-b16b-5e39138355d0;2018-01-14T03:00+0100;2025.3438
d6474feb-d37a-405c-b16b-5e39138355d0;2018-01-14T02:00+0100;2024.199
d6474feb-d37a-405c-b16b-5e39138355d0;2018-01-14T01:00+0100;2023.0983
d6474feb-d37a-405c-b16b-5e39138355d0;2018-01-14T00:00+0100;2021.9323
d6474feb-d37a-405c-b16b-5e39138355d0;2018-01-13T23:00+0100;2020.7019
d6474feb-d37a-405c-b16b-5e39138355d0;2018-01-13T22:00+0100;2019.5084
d6474feb-d37a-405c-b16b-5e39138355d0;2018-01-13T21:00+0100;2018.1777
d6474feb-d37a-405c-b16b-5e39138355d0;2018-01-13T20:00+0100;2016.695
d6474feb-d37a-405c-b16b-5e39138355d0;2018-01-13T19:00+0100;2015.1918
d6474feb-d37a-405c-b16b-5e39138355d0;2018-01-13T18:00+0100;2013.7041
d6474feb-d37a-405c-b16b-5e39138355d0;2018-01-13T17:00+0100;2012.2682
d6474feb-d37a-405c-b16b-5e39138355d0;2018-01-13T16:00+0100;2010.7793
d6474feb-d37a-405c-b16b-5e39138355d0;2018-01-13T15:00+0100;2009.2765
d6474feb-d37a-405c-b16b-5e39138355d0;2018-01-13T14:00+0100;2007.6492
d6474feb-d37a-405c-b16b-5e39138355d0;2018-01-13T13:00+0100;2005.6003
d6474feb-d37a-405c-b16b-5e39138355d0;2018-01-13T12:00+0100;2003.2578
d6474feb-d37a-405c-b16b-5e39138355d0;2018-01-13T11:00+0100;2000.717
d6474feb-d37a-405c-b16b-5e39138355d0;2018-01-13T10:00+0100;1998.3162
d6474feb-d37a-405c-b16b-5e39138355d0;2018-01-13T09:00+0100;1996.3378
d6474feb-d37a-405c-b16b-5e39138355d0;2018-01-13T08:00+0100;1994.8806
d6474feb-d37a-405c-b16b-5e39138355d0;2018-01-13T07:00+0100;1993.6179
d6474feb-d37a-405c-b16b-5e39138355d0;2018-01-13T06:00+0100;1992.3893
d6474feb-d37a-405c-b16b-5e39138355d0;2018-01-13T05:00+0100;1991.286
d6474feb-d37a-405c-b16b-5e39138355d0;2018-01-13T04:00+0100;1990.208
d6474feb-d37a-405c-b16b-5e39138355d0;2018-01-13T03:00+0100;1989.1124
d6474feb-d37a-405c-b16b-5e39138355d0;2018-01-13T02:00+0100;1987.9674
d6474feb-d37a-405c-b16b-5e39138355d0;2018-01-13T01:00+0100;1986.8643
d6474feb-d37a-405c-b16b-5e39138355d0;2018-01-13T00:00+0100;1985.7063
d6474feb-d37a-405c-b16b-5e39138355d0;2018-01-12T23:00+0100;1984.4517
d6474feb-d37a-405c-b16b-5e39138355d0;2018-01-12T22:00+0100;1983.0264
d6474feb-d37a-405c-b16b-5e39138355d0;2018-01-12T21:00+0100;1981.3674
d6474feb-d37a-405c-b16b-5e39138355d0;2018-01-12T20:00+0100;1979.2708
d6474feb-d37a-405c-b16b-5e39138355d0;2018-01-12T19:00+0100;1975.9092
d6474feb-d37a-405c-b16b-5e39138355d0;2018-01-12T18:00+0100;1970.1632
d6474feb-d37a-405c-b16b-5e39138355d0;2018-01-12T17:00+0100;1960.0801
d6474feb-d37a-405c-b16b-5e39138355d0;2018-01-12T16:00+0100;1946.1428
d6474feb-d37a-405c-b16b-5e39138355d0;2018-01-12T15:00+0100;1931.4514
d6474feb-d37a-405c-b16b-5e39138355d0;2018-01-12T14:00+0100;1918.0535
d6474feb-d37a-405c-b16b-5e39138355d0;2018-01-12T13:00+0100;1901.6619
d6474feb-d37a-405c-b16b-5e39138355d0;2018-01-12T12:00+0100;1881.8721
d6474feb-d37a-405c-b16b-5e39138355d0;2018-01-12T11:00+0100;1860.8818
d6474feb-d37a-405c-b16b-5e39138355d0;2018-01-12T10:00+0100;1839.5969
d6474feb-d37a-405c-b16b-5e39138355d0;2018-01-12T09:00+0100;1819.0011
d6474feb-d37a-405c-b16b-5e39138355d0;2018-01-12T08:00+0100;1805.4324
d6474feb-d37a-405c-b16b-5e39138355d0;2018-01-12T07:00+0100;1802.1498
d6474feb-d37a-405c-b16b-5e39138355d0;2018-01-12T06:00+0100;1800.8466
d6474feb-d37a-405c-b16b-5e39138355d0;2018-01-12T05:00+0100;1799.7089
d6474feb-d37a-405c-b16b-5e39138355d0;2018-01-12T04:00+0100;1798.6218
d6474feb-d37a-405c-b16b-5e39138355d0;2018-01-12T03:00+0100;1797.4637
d6474feb-d37a-405c-b16b-5e39138355d0;2018-01-12T02:00+0100;1796.2961
d6474feb-d37a-405c-b16b-5e39138355d0;2018-01-12T01:00+0100;1795.1317
d6474feb-d37a-405c-b16b-5e39138355d0;2018-01-12T00:00+0100;1793.9575
d6474feb-d37a-405c-b16b-5e39138355d0;2018-01-11T23:00+0100;1792.703
d6474feb-d37a-405c-b16b-5e39138355d0;2018-01-11T22:00+0100;1791.2776
d6474feb-d37a-405c-b16b-5e39138355d0;2018-01-11T21:00+0100;1789.6189
d6474feb-d37a-405c-b16b-5e39138355d0;2018-01-11T20:00+0100;1787.522
d6474feb-d37a-405c-b16b-5e39138355d0;2018-01-11T19:00+0100;1784.1604
d6474feb-d37a-405c-b16b-5e39138355d0;2018-01-11T18:00+0100;1778.4146
d6474feb-d37a-405c-b16b-5e39138355d0;2018-01-11T17:00+0100;1768.3314
d6474feb-d37a-405c-b16b-5e39138355d0;2018-01-11T16:00+0100;1754.3942
d6474feb-d37a-405c-b16b-5e39138355d0;2018-01-11T15:00+0100;1739.7028
d6474feb-d37a-405c-b16b-5e39138355d0;2018-01-11T14:00+0100;1726.3049
d6474feb-d37a-405c-b16b-5e39138355d0;2018-01-11T13:00+0100;1709.9131
d6474feb-d37a-405c-b16b-5e39138355d0;2018-01-11T12:00+0100;1690.1233
d6474feb-d37a-405c-b16b-5e39138355d0;2018-01-11T11:00+0100;1669.133
d6474feb-d37a-405c-b16b-5e39138355d0;2018-01-11T10:00+0100;1647.8481
d6474feb-d37a-405c-b16b-5e39138355d0;2018-01-11T09:00+0100;1627.2526
d6474feb-d37a-405c-b16b-5e39138355d0;2018-01-11T08:00+0100;1613.6837
d6474feb-d37a-405c-b16b-5e39138355d0;2018-01-11T07:00+0100;1610.401
d6474feb-d37a-405c-b16b-5e39138355d0;2018-01-11T06:00+0100;1609.0979
d6474feb-d37a-405c-b16b-5e39138355d0;2018-01-11T05:00+0100;1607.9602
d6474feb-d37a-405c-b16b-5e39138355d0;2018-01-11T04:00+0100;1606.8732
d6474feb-d37a-405c-b16b-5e39138355d0;2018-01-11T03:00+0100;1605.7151
d6474feb-d37a-405c-b16b-5e39138355d0;2018-01-11T02:00+0100;1604.5475
d6474feb-d37a-405c-b16b-5e39138355d0;2018-01-11T01:00+0100;1603.3832
d6474feb-d37a-405c-b16b-5e39138355d0;2018-01-11T00:00+0100;1602.209
d6474feb-d37a-405c-b16b-5e39138355d0;2018-01-10T23:00+0100;1600.9543
d6474feb-d37a-405c-b16b-5e39138355d0;2018-01-10T22:00+0100;1599.5289
d6474feb-d37a-405c-b16b-5e39138355d0;2018-01-10T21:00+0100;1597.8702
d6474feb-d37a-405c-b16b-5e39138355d0;2018-01-10T20:00+0100;1595.7733
d6474feb-d37a-405c-b16b-5e39138355d0;2018-01-10T19:00+0100;1592.4117
d6474feb-d37a-405c-b16b-5e39138355d0;2018-01-10T18:00+0100;1586.6658
d6474feb-d37a-405c-b16b-5e39138355d0;2018-01-10T17:00+0100;1576.5828
d6474feb-d37a-405c-b16b-5e39138355d0;2018-01-10T16:00+0100;1562.6455
d6474feb-d37a-405c-b16b-5e39138355d0;2018-01-10T15:00+0100;1547.9541
d6474feb-d37a-405c-b16b-5e39138355d0;2018-01-10T14:00+0100;1534.5562
d6474feb-d37a-405c-b16b-5e39138355d0;2018-01-10T13:00+0100;1518.1644
d6474feb-d37a-405c-b16b-5e39138355d0;2018-01-10T12:00+0100;1498.3746
d6474feb-d37a-405c-b16b-5e39138355d0;2018-01-10T11:00+0100;1477.3844
d6474feb-d37a-405c-b16b-5e39138355d0;2018-01-10T10:00+0100;1456.0994
d6474feb-d37a-405c-b16b-5e39138355d0;2018-01-10T09:00+0100;1435.5039
d6474feb-d37a-405c-b16b-5e39138355d0;2018-01-10T08:00+0100;1421.935
d6474feb-d37a-405c-b16b-5e39138355d0;2018-01-10T07:00+0100;1418.6525
d6474feb-d37a-405c-b16b-5e39138355d0;2018-01-10T06:00+0100;1417.3492
d6474feb-d37a-405c-b16b-5e39138355d0;2018-01-10T05:00+0100;1416.2115
d6474feb-d37a-405c-b16b-5e39138355d0;2018-01-10T04:00+0100;1415.1243
d6474feb-d37a-405c-b16b-5e39138355d0;2018-01-10T03:00+0100;1413.9664
d6474feb-d37a-405c-b16b-5e39138355d0;2018-01-10T02:00+0100;1412.7987
d6474feb-d37a-405c-b16b-5e39138355d0;2018-01-10T01:00+0100;1411.6344
d6474feb-d37a-405c-b16b-5e39138355d0;2018-01-10T00:00+0100;1410.4602
d6474feb-d37a-405c-b16b-5e39138355d0;2018-01-09T23:00+0100;1409.2056
d6474feb-d37a-405c-b16b-5e39138355d0;2018-01-09T22:00+0100;1407.7803
d6474feb-d37a-405c-b16b-5e39138355d0;2018-01-09T21:00+0100;1406.1213
d6474feb-d37a-405c-b16b-5e39138355d0;2018-01-09T20:00+0100;1404.0247
d6474feb-d37a-405c-b16b-5e39138355d0;2018-01-09T19:00+0100;1400.6631
d6474feb-d37a-405c-b16b-5e39138355d0;2018-01-09T18:00+0100;1394.9171
d6474feb-d37a-405c-b16b-5e39138355d0;2018-01-09T17:00+0100;1384.834
d6474feb-d37a-405c-b16b-5e39138355d0;2018-01-09T16:00+0100;1370.8967
d6474feb-d37a-405c-b16b-5e39138355d0;2018-01-09T15:00+0100;1356.2053
d6474feb-d37a-405c-b16b-5e39138355d0;2018-01-09T14:00+0100;1342.8074
d6474feb-d37a-405c-b16b-5e39138355d0;2018-01-09T13:00+0100;1326.4158
d6474feb-d37a-405c-b16b-5e39138355d0;2018-01-09T12:00+0100;1306.626
d6474feb-d37a-405c-b16b-5e39138355d0;2018-01-09T11:00+0100;1285.6357
d6474feb-d37a-405c-b16b-5e39138355d0;2018-01-09T10:00+0100;1264.3507
d6474feb-d37a-405c-b16b-5e39138355d0;2018-01-09T09:00+0100;1243.7551
d6474feb-d37a-405c-b16b-5e39138355d0;2018-01-09T08:00+0100;1230.1864
d6474feb-d37a-405c-b16b-5e39138355d0;2018-01-09T07:00+0100;1226.9037
d6474feb-d37a-405c-b16b-5e39138355d0;2018-01-09T06:00+0100;1225.6005
d6474feb-d37a-405c-b16b-5e39138355d0;2018-01-09T05:00+0100;1224.4628
d6474feb-d37a-405c-b16b-5e39138355d0;2018-01-09T04:00+0100;1223.3757
d6474feb-d37a-405c-b16b-5e39138355d0;2018-01-09T03:00+0100;1222.2177
d6474feb-d37a-405c-b16b-5e39138355d0;2018-01-09T02:00+0100;1221.05
d6474feb-d37a-405c-b16b-5e39138355d0;2018-01-09T01:00+0100;1219.8856
d6474feb-d37a-405c-b16b-5e39138355d0;2018-01-09T00:00+0100;1218.7114
d6474feb-d37a-405c-b16b-5e39138355d0;2018-01-08T23:00+0100;1217.4569
d6474feb-d37a-405c-b16b-5e39138355d0;2018-01-08T22:00+0100;1216.0315
d6474feb-d37a-405c-b16b-5e39138355d0;2018-01-08T21:00+0100;1214.3728
d6474feb-d37a-405c-b16b-5e39138355d0;2018-01-08T20:00+0100;1212.2759
d6474feb-d37a-405c-b16b-5e39138355d0;2018-01-08T19:00+0100;1208.9143
d6474feb-d37a-405c-b16b-5e39138355d0;2018-01-08T18:00+0100;1203.1685
d6474feb-d37a-405c-b16b-5e39138355d0;2018-01-08T17:00+0100;1193.0853
d6474feb-d37a-405c-b16b-5e39138355d0;2018-01-08T16:00+0100;1179.1481
d6474feb-d37a-405c-b16b-5e39138355d0;2018-01-08T15:00+0100;1164.4567
d6474feb-d37a-405c-b16b-5e39138355d0;2018-01-08T14:00+0100;1151.0587
d6474feb-d37a-405c-b16b-5e39138355d0;2018-01-08T13:00+0100;1134.667
d6474feb-d37a-405c-b16b-5e39138355d0;2018-01-08T12:00+0100;1114.8772
d6474feb-d37a-405c-b16b-5e39138355d0;2018-01-08T11:00+0100;1093.887
d6474feb-d37a-405c-b16b-5e39138355d0;2018-01-08T10:00+0100;1072.602
d6474feb-d37a-405c-b16b-5e39138355d0;2018-01-08T09:00+0100;1052.0065
d6474feb-d37a-405c-b16b-5e39138355d0;2018-01-08T08:00+0100;1038.4376
d6474feb-d37a-405c-b16b-5e39138355d0;2018-01-08T07:00+0100;1035.1549
d6474feb-d37a-405c-b16b-5e39138355d0;2018-01-08T06:00+0100;1033.8518
d6474feb-d37a-405c-b16b-5e39138355d0;2018-01-08T05:00+0100;1032.7141
d6474feb-d37a-405c-b16b-5e39138355d0;2018-01-08T04:00+0100;1031.6271
d6474feb-d37a-405c-b16b-5e39138355d0;2018-01-08T03:00+0100;1030.469
d6474feb-d37a-405c-b16b-5e39138355d0;2018-01-08T02:00+0100;1029.3014
d6474feb-d37a-405c-b16b-5e39138355d0;2018-01-08T01:00+0100;1028.1371
d6474feb-d37a-405c-b16b-5e39138355d0;2018-01-08T00:00+0100;1026.958
d6474feb-d37a-405c-b16b-5e39138355d0;2018-01-07T23:00+0100;1025.7212
d6474feb-d37a-405c-b16b-5e39138355d0;2018-01-07T22:00+0100;1024.449
d6474feb-d37a-405c-b16b-5e39138355d0;2018-01-07T21:00+0100;1023.05664
d6474feb-d37a-405c-b16b-5e39138355d0;2018-01-07T20:00+0100;1021.6145
d6474feb-d37a-405c-b16b-5e39138355d0;2018-01-07T19:00+0100;1020.072
d6474feb-d37a-405c-b16b-5e39138355d0;2018-01-07T18:00+0100;1018.63306
d6474feb-d37a-405c-b16b-5e39138355d0;2018-01-07T17:00+0100;1017.21954
d6474feb-d37a-405c-b16b-5e39138355d0;2018-01-07T16:00+0100;1015.8098
d6474feb-d37a-405c-b16b-5e39138355d0;2018-01-07T15:00+0100;1014.4788
d6474feb-d37a-405c-b16b-5e39138355d0;2018-01-07T14:00+0100;1013.2135
d6474feb-d37a-405c-b16b-5e39138355d0;2018-01-07T13:00+0100;1011.8804
d6474feb-d37a-405c-b16b-5e39138355d0;2018-01-07T12:00+0100;1010.4817
d6474feb-d37a-405c-b16b-5e39138355d0;2018-01-07T11:00+0100;1009.1387
d6474feb-d37a-405c-b16b-5e39138355d0;2018-01-07T10:00+0100;1007.80707
d6474feb-d37a-405c-b16b-5e39138355d0;2018-01-07T09:00+0100;1006.48376
d6474feb-d37a-405c-b16b-5e39138355d0;2018-01-07T08:00+0100;1005.22565
d6474feb-d37a-405c-b16b-5e39138355d0;2018-01-07T07:00+0100;1003.9749
d6474feb-d37a-405c-b16b-5e39138355d0;2018-01-07T06:00+0100;1002.7446
d6474feb-d37a-405c-b16b-5e39138355d0;2018-01-07T05:00+0100;1001.6413
d6474feb-d37a-405c-b16b-5e39138355d0;2018-01-07T04:00+0100;1000.5633
d6474feb-d37a-405c-b16b-5e39138355d0;2018-01-07T03:00+0100;999.4682
d6474feb-d37a-405c-b16b-5e39138355d0;2018-01-07T02:00+0100;998.3237
d6474feb-d37a-405c-b16b-5e39138355d0;2018-01-07T01:00+0100;997.22284
d6474feb-d37a-405c-b16b-5e39138355d0;2018-01-07T00:00+0100;996.0569
d6474feb-d37a-405c-b16b-5e39138355d0;2018-01-06T23:00+0100;994.82654
d6474feb-d37a-405c-b16b-5e39138355d0;2018-01-06T22:00+0100;993.63306
d6474feb-d37a-405c-b16b-5e39138355d0;2018-01-06T21:00+0100;992.30225
d6474feb-d37a-405c-b16b-5e39138355d0;2018-01-06T20:00+0100;990.81946
d6474feb-d37a-405c-b16b-5e39138355d0;2018-01-06T19:00+0100;989.31635
d6474feb-d37a-405c-b16b-5e39138355d0;2018-01-06T18:00+0100;987.8286
d6474feb-d37a-405c-b16b-5e39138355d0;2018-01-06T17:00+0100;986.3928
d6474feb-d37a-405c-b16b-5e39138355d0;2018-01-06T16:00+0100;984.90393
d6474feb-d37a-405c-b16b-5e39138355d0;2018-01-06T15:00+0100;983.4011
d6474feb-d37a-405c-b16b-5e39138355d0;2018-01-06T14:00+0100;981.7737
d6474feb-d37a-405c-b16b-5e39138355d0;2018-01-06T13:00+0100;979.72485
d6474feb-d37a-405c-b16b-5e39138355d0;2018-01-06T12:00+0100;977.38245
d6474feb-d37a-405c-b16b-5e39138355d0;2018-01-06T11:00+0100;974.84174
d6474feb-d37a-405c-b16b-5e39138355d0;2018-01-06T10:00+0100;972.4407
d6474feb-d37a-405c-b16b-5e39138355d0;2018-01-06T09:00+0100;970.46234
d6474feb-d37a-405c-b16b-5e39138355d0;2018-01-06T08:00+0100;969.0051
d6474feb-d37a-405c-b16b-5e39138355d0;2018-01-06T07:00+0100;967.74255
d6474feb-d37a-405c-b16b-5e39138355d0;2018-01-06T06:00+0100;966.5139
d6474feb-d37a-405c-b16b-5e39138355d0;2018-01-06T05:00+0100;965.4106
d6474feb-d37a-405c-b16b-5e39138355d0;2018-01-06T04:00+0100;964.33264
d6474feb-d37a-405c-b16b-5e39138355d0;2018-01-06T03:00+0100;963.23694
d6474feb-d37a-405c-b16b-5e39138355d0;2018-01-06T02:00+0100;962.0919
d6474feb-d37a-405c-b16b-5e39138355d0;2018-01-06T01:00+0100;960.9889
d6474feb-d37a-405c-b16b-5e39138355d0;2018-01-06T00:00+0100;959.8309
d6474feb-d37a-405c-b16b-5e39138355d0;2018-01-05T23:00+0100;958.5763
d6474feb-d37a-405c-b16b-5e39138355d0;2018-01-05T22:00+0100;957.15094
d6474feb-d37a-405c-b16b-5e39138355d0;2018-01-05T21:00+0100;955.4921
d6474feb-d37a-405c-b16b-5e39138355d0;2018-01-05T20:00+0100;953.39526
d6474feb-d37a-405c-b16b-5e39138355d0;2018-01-05T19:00+0100;950.0337
d6474feb-d37a-405c-b16b-5e39138355d0;2018-01-05T18:00+0100;944.28784
d6474feb-d37a-405c-b16b-5e39138355d0;2018-01-05T17:00+0100;934.2047
d6474feb-d37a-405c-b16b-5e39138355d0;2018-01-05T16:00+0100;920.26746
d6474feb-d37a-405c-b16b-5e39138355d0;2018-01-05T15:00+0100;905.5761
d6474feb-d37a-405c-b16b-5e39138355d0;2018-01-05T14:00+0100;892.1781
d6474feb-d37a-405c-b16b-5e39138355d0;2018-01-05T13:00+0100;875.7865
d6474feb-d37a-405c-b16b-5e39138355d0;2018-01-05T12:00+0100;855.9966
d6474feb-d37a-405c-b16b-5e39138355d0;2018-01-05T11:00+0100;835.0064
d6474feb-d37a-405c-b16b-5e39138355d0;2018-01-05T10:00+0100;813.72144
d6474feb-d37a-405c-b16b-5e39138355d0;2018-01-05T09:00+0100;793.12585
d6474feb-d37a-405c-b16b-5e39138355d0;2018-01-05T08:00+0100;779.5571
d6474feb-d37a-405c-b16b-5e39138355d0;2018-01-05T07:00+0100;776.2744
d6474feb-d37a-405c-b16b-5e39138355d0;2018-01-05T06:00+0100;774.9712
d6474feb-d37a-405c-b16b-5e39138355d0;2018-01-05T05:00+0100;773.8335
d6474feb-d37a-405c-b16b-5e39138355d0;2018-01-05T04:00+0100;772.74646
d6474feb-d37a-405c-b16b-5e39138355d0;2018-01-05T03:00+0100;771.5884
d6474feb-d37a-405c-b16b-5e39138355d0;2018-01-05T02:00+0100;770.4208
d6474feb-d37a-405c-b16b-5e39138355d0;2018-01-05T01:00+0100;769.25635
d6474feb-d37a-405c-b16b-5e39138355d0;2018-01-05T00:00+0100;768.08215
d6474feb-d37a-405c-b16b-5e39138355d0;2018-01-04T23:00+0100;766.82764
d6474feb-d37a-405c-b16b-5e39138355d0;2018-01-04T22:00+0100;765.40234
d6474feb-d37a-405c-b16b-5e39138355d0;2018-01-04T21:00+0100;763.7435
d6474feb-d37a-405c-b16b-5e39138355d0;2018-01-04T20:00+0100;761.6466
d6474feb-d37a-405c-b16b-5e39138355d0;2018-01-04T19:00+0100;758.28503
d6474feb-d37a-405c-b16b-5e39138355d0;2018-01-04T18:00+0100;752.5392
d6474feb-d37a-405c-b16b-5e39138355d0;2018-01-04T17:00+0100;742.456
d6474feb-d37a-405c-b16b-5e39138355d0;2018-01-04T16:00+0100;728.51874
d6474feb-d37a-405c-b16b-5e39138355d0;2018-01-04T15:00+0100;713.8274
d6474feb-d37a-405c-b16b-5e39138355d0;2018-01-04T14:00+0100;700.4294
d6474feb-d37a-405c-b16b-5e39138355d0;2018-01-04T13:00+0100;684.0377
d6474feb-d37a-405c-b16b-5e39138355d0;2018-01-04T12:00+0100;664.2479
d6474feb-d37a-405c-b16b-5e39138355d0;2018-01-04T11:00+0100;643.2577
d6474feb-d37a-405c-b16b-5e39138355d0;2018-01-04T10:00+0100;621.9728
d6474feb-d37a-405c-b16b-5e39138355d0;2018-01-04T09:00+0100;601.37714
d6474feb-d37a-405c-b16b-5e39138355d0;2018-01-04T08:00+0100;587.8084
d6474feb-d37a-405c-b16b-5e39138355d0;2018-01-04T07:00+0100;584.52563
d6474feb-d37a-405c-b16b-5e39138355d0;2018-01-04T06:00+0100;583.2225
d6474feb-d37a-405c-b16b-5e39138355d0;2018-01-04T05:00+0100;582.0848
d6474feb-d37a-405c-b16b-5e39138355d0;2018-01-04T04:00+0100;580.99774
d6474feb-d37a-405c-b16b-5e39138355d0;2018-01-04T03:00+0100;579.8397
d6474feb-d37a-405c-b16b-5e39138355d0;2018-01-04T02:00+0100;578.67206
d6474feb-d37a-405c-b16b-5e39138355d0;2018-01-04T01:00+0100;577.5077
d6474feb-d37a-405c-b16b-5e39138355d0;2018-01-04T00:00+0100;576.33344
d6474feb-d37a-405c-b16b-5e39138355d0;2018-01-03T23:00+0100;575.0789
d6474feb-d37a-405c-b16b-5e39138355d0;2018-01-03T22:00+0100;573.65356
d6474feb-d37a-405c-b16b-5e39138355d0;2018-01-03T21:00+0100;571.9948
d6474feb-d37a-405c-b16b-5e39138355d0;2018-01-03T20:00+0100;569.89795
d6474feb-d37a-405c-b16b-5e39138355d0;2018-01-03T19:00+0100;566.5363
d6474feb-d37a-405c-b16b-5e39138355d0;2018-01-03T18:00+0100;560.79047
d6474feb-d37a-405c-b16b-5e39138355d0;2018-01-03T17:00+0100;550.7073
d6474feb-d37a-405c-b16b-5e39138355d0;2018-01-03T16:00+0100;536.77
d6474feb-d37a-405c-b16b-5e39138355d0;2018-01-03T15:00+0100;522.07874
d6474feb-d37a-405c-b16b-5e39138355d0;2018-01-03T14:00+0100;508.6807
d6474feb-d37a-405c-b16b-5e39138355d0;2018-01-03T13:00+0100;492.28906
d6474feb-d37a-405c-b16b-5e39138355d0;2018-01-03T12:00+0100;472.49924
d6474feb-d37a-405c-b16b-5e39138355d0;2018-01-03T11:00+0100;451.50903
d6474feb-d37a-405c-b16b-5e39138355d0;2018-01-03T10:00+0100;430.224
d6474feb-d37a-405c-b16b-5e39138355d0;2018-01-03T09:00+0100;409.62848
d6474feb-d37a-405c-b16b-5e39138355d0;2018-01-03T08:00+0100;396.0597
d6474feb-d37a-405c-b16b-5e39138355d0;2018-01-03T07:00+0100;392.777
d6474feb-d37a-405c-b16b-5e39138355d0;2018-01-03T06:00+0100;391.47375
d6474feb-d37a-405c-b16b-5e39138355d0;2018-01-03T05:00+0100;390.3361
d6474feb-d37a-405c-b16b-5e39138355d0;2018-01-03T04:00+0100;389.24902
d6474feb-d37a-405c-b16b-5e39138355d0;2018-01-03T03:00+0100;388.091
d6474feb-d37a-405c-b16b-5e39138355d0;2018-01-03T02:00+0100;386.92334
d6474feb-d37a-405c-b16b-5e39138355d0;2018-01-03T01:00+0100;385.759
d6474feb-d37a-405c-b16b-5e39138355d0;2018-01-03T00:00+0100;384.58475
d6474feb-d37a-405c-b16b-5e39138355d0;2018-01-02T23:00+0100;383.3302
d6474feb-d37a-405c-b16b-5e39138355d0;2018-01-02T22:00+0100;381.90485
d6474feb-d37a-405c-b16b-5e39138355d0;2018-01-02T21:00+0100;380.24606
d6474feb-d37a-405c-b16b-5e39138355d0;2018-01-02T20:00+0100;378.1492
d6474feb-d37a-405c-b16b-5e39138355d0;2018-01-02T19:00+0100;374.7876
d6474feb-d37a-405c-b16b-5e39138355d0;2018-01-02T18:00+0100;369.04175
d6474feb-d37a-405c-b16b-5e39138355d0;2018-01-02T17:00+0100;358.9586
d6474feb-d37a-405c-b16b-5e39138355d0;2018-01-02T16:00+0100;345.02133
d6474feb-d37a-405c-b16b-5e39138355d0;2018-01-02T15:00+0100;330.33002
d6474feb-d37a-405c-b16b-5e39138355d0;2018-01-02T14:00+0100;316.932
d6474feb-d37a-405c-b16b-5e39138355d0;2018-01-02T13:00+0100;300.54034
d6474feb-d37a-405c-b16b-5e39138355d0;2018-01-02T12:00+0100;280.75052
d6474feb-d37a-405c-b16b-5e39138355d0;2018-01-02T11:00+0100;259.7603
d6474feb-d37a-405c-b16b-5e39138355d0;2018-01-02T10:00+0100;238.47533
d6474feb-d37a-405c-b16b-5e39138355d0;2018-01-02T09:00+0100;217.87975
d6474feb-d37a-405c-b16b-5e39138355d0;2018-01-02T08:00+0100;204.31097
d6474feb-d37a-405c-b16b-5e39138355d0;2018-01-02T07:00+0100;201.0283
d6474feb-d37a-405c-b16b-5e39138355d0;2018-01-02T06:00+0100;199.72507
d6474feb-d37a-405c-b16b-5e39138355d0;2018-01-02T05:00+0100;198.5874
d6474feb-d37a-405c-b16b-5e39138355d0;2018-01-02T04:00+0100;197.50034
d6474feb-d37a-405c-b16b-5e39138355d0;2018-01-02T03:00+0100;196.3423
d6474feb-d37a-405c-b16b-5e39138355d0;2018-01-02T02:00+0100;195.17464
d6474feb-d37a-405c-b16b-5e39138355d0;2018-01-02T01:00+0100;194.01031
d6474feb-d37a-405c-b16b-5e39138355d0;2018-01-02T00:00+0100;192.83606
d6474feb-d37a-405c-b16b-5e39138355d0;2018-01-01T23:00+0100;191.5815
d6474feb-d37a-405c-b16b-5e39138355d0;2018-01-01T22:00+0100;190.15619
d6474feb-d37a-405c-b16b-5e39138355d0;2018-01-01T21:00+0100;188.49738
d6474feb-d37a-405c-b16b-5e39138355d0;2018-01-01T20:00+0100;186.4005
d6474feb-d37a-405c-b16b-5e39138355d0;2018-01-01T19:00+0100;183.0389
d6474feb-d37a-405c-b16b-5e39138355d0;2018-01-01T18:00+0100;177.29306
d6474feb-d37a-405c-b16b-5e39138355d0;2018-01-01T17:00+0100;167.2099
d6474feb-d37a-405c-b16b-5e39138355d0;2018-01-01T16:00+0100;153.27261
d6474feb-d37a-405c-b16b-5e39138355d0;2018-01-01T15:00+0100;138.5813
d6474feb-d37a-405c-b16b-5e39138355d0;2018-01-01T14:00+0100;125.1833
d6474feb-d37a-405c-b16b-5e39138355d0;2018-01-01T13:00+0100;108.79165
d6474feb-d37a-405c-b16b-5e39138355d0;2018-01-01T12:00+0100;89.00182
d6474feb-d37a-405c-b16b-5e39138355d0;2018-01-01T11:00+0100;68.01162
d6474feb-d37a-405c-b16b-5e39138355d0;2018-01-01T10:00+0100;46.726624
d6474feb-d37a-405c-b16b-5e39138355d0;2018-01-01T09:00+0100;26.13105
d6474feb-d37a-405c-b16b-5e39138355d0;2018-01-01T08:00+0100;12.562275
d6474feb-d37a-405c-b16b-5e39138355d0;2018-01-01T07:00+0100;9.2796
d6474feb-d37a-405c-b16b-5e39138355d0;2018-01-01T06:00+0100;7.9763746
d6474feb-d37a-405c-b16b-5e39138355d0;2018-01-01T05:00+0100;6.8387003
d6474feb-d37a-405c-b16b-5e39138355d0;2018-01-01T04:00+0100;5.751625
d6474feb-d37a-405c-b16b-5e39138355d0;2018-01-01T03:00+0100;4.5936
d6474feb-d37a-405c-b16b-5e39138355d0;2018-01-01T02:00+0100;3.42595
d6474feb-d37a-405c-b16b-5e39138355d0;2018-01-01T01:00+0100;2.2616
d6474feb-d37a-405c-b16b-5e39138355d0;2018-01-01T00:00+0100;1.082675